Outlet,Aspect,Mention_Count,Avg_Sentiment,Positive_Pct,Negative_Pct
Anytime Fitness City Square Mall,Equipment,198,0.5444998947811448,87.37,3.54
Anytime Fitness City Square Mall,Facilities,216,0.5179027006172839,85.19,1.85
Anytime Fitness City Square Mall,Staff/Service,385,0.6966720454545455,97.92,0.78
Anytime Fitness City Square Mall,Location/Accessibility,63,0.4741203703703704,76.19,3.17
Anytime Fitness City Square Mall,Cleanliness,193,0.6071849913644214,94.82,4.15
Anytime Fitness City Square Mall,Price/Fees,27,0.4063444444444444,77.78,0.0
Anytime Fitness City Square Mall,Overall Experience,243,0.5818884430727023,95.88,2.88
Anytime Fitness City Square Mall,Crowdedness,60,0.23693749999999997,56.67,18.33
Anytime Fitness City Square Mall,Classes/Programs,7,0.51035,71.43,0.0
Anytime Fitness City Square Mall,Policies/Contract,28,0.4437017857142857,78.57,7.14
Anytime Fitness Sembawang,Overall Experience,181,0.5914323664825046,98.34,0.0
Anytime Fitness Sembawang,Location/Accessibility,34,0.47376470588235287,85.29,0.0
Anytime Fitness Sembawang,Staff/Service,209,0.6862702950558215,97.61,0.96
Anytime Fitness Sembawang,Crowdedness,24,0.2674625,54.17,4.17
Anytime Fitness Sembawang,Equipment,66,0.4718613636363636,77.27,3.03
Anytime Fitness Sembawang,Policies/Contract,18,0.42010000000000003,72.22,16.67
Anytime Fitness Sembawang,Cleanliness,51,0.6695235294117646,98.04,0.0
Anytime Fitness Sembawang,Classes/Programs,21,0.5919642857142856,95.24,4.76
Anytime Fitness Sembawang,Facilities,90,0.5795133333333333,88.89,0.0
Anytime Fitness Sembawang,Price/Fees,13,0.377967032967033,69.23,7.69
Anytime Fitness Havelock Outram,Staff/Service,225,0.6886779555555556,96.89,0.44
Anytime Fitness Havelock Outram,Facilities,135,0.5862113580246913,87.41,0.74
Anytime Fitness Havelock Outram,Overall Experience,102,0.671077567693744,98.04,0.98
Anytime Fitness Havelock Outram,Cleanliness,120,0.6738193055555556,97.5,0.0
Anytime Fitness Havelock Outram,Location/Accessibility,33,0.5117671717171717,87.88,3.03
Anytime Fitness Havelock Outram,Equipment,102,0.5000497549019608,78.43,3.92
Anytime Fitness Havelock Outram,Crowdedness,41,0.3991256097560975,73.17,2.44
Anytime Fitness Havelock Outram,Price/Fees,18,0.49140111111111107,77.78,0.0
Anytime Fitness Havelock Outram,Policies/Contract,20,0.645824,95.0,0.0
Anytime Fitness Havelock Outram,Classes/Programs,5,0.5801000000000001,80.0,0.0
Anytime Fitness Sunway Big Box,Facilities,83,0.5478463855421687,83.13,1.2
Anytime Fitness Sunway Big Box,Policies/Contract,14,0.6043142857142857,85.71,7.14
Anytime Fitness Sunway Big Box,Classes/Programs,64,0.4953372395833333,81.25,3.12
Anytime Fitness Sunway Big Box,Overall Experience,127,0.5889612860892389,93.7,1.57
Anytime Fitness Sunway Big Box,Staff/Service,178,0.6312057584269664,96.07,1.12
Anytime Fitness Sunway Big Box,Equipment,52,0.49521746794871796,82.69,7.69
Anytime Fitness Sunway Big Box,Cleanliness,67,0.6516686567164179,97.01,1.49
Anytime Fitness Sunway Big Box,Location/Accessibility,31,0.4564473118279569,74.19,6.45
Anytime Fitness Sunway Big Box,Crowdedness,16,0.472759375,68.75,0.0
Anytime Fitness Sunway Big Box,Price/Fees,9,0.46007777777777786,77.78,0.0
Anytime Fitness Choa Chu Kang Centre,Staff/Service,61,0.35981633489461357,73.77,19.67
Anytime Fitness Choa Chu Kang Centre,Equipment,33,0.17968419191919194,51.52,24.24
Anytime Fitness Choa Chu Kang Centre,Facilities,38,0.37364078947368423,57.89,13.16
Anytime Fitness Choa Chu Kang Centre,Price/Fees,17,0.27302598039215686,64.71,23.53
Anytime Fitness Choa Chu Kang Centre,Policies/Contract,13,0.09338461538461537,38.46,23.08
Anytime Fitness Choa Chu Kang Centre,Overall Experience,34,0.258375,61.76,35.29
Anytime Fitness Choa Chu Kang Centre,Crowdedness,9,-0.07337777777777778,33.33,44.44
Anytime Fitness Choa Chu Kang Centre,Cleanliness,16,0.5243104166666667,87.5,6.25
Anytime Fitness Choa Chu Kang Centre,Location/Accessibility,15,0.4212966666666666,80.0,13.33
Anytime Fitness Choa Chu Kang Centre,Classes/Programs,8,0.48769999999999997,75.0,0.0
Anytime Fitness,Facilities,66,0.29766893939393935,57.58,10.61
Anytime Fitness,Crowdedness,24,0.14557291666666666,41.67,12.5
Anytime Fitness,Location/Accessibility,53,0.20538018867924526,45.28,11.32
Anytime Fitness,Staff/Service,45,0.45144666666666666,82.22,13.33
Anytime Fitness,Overall Experience,36,0.4709430555555556,80.56,11.11
Anytime Fitness,Equipment,15,0.23730888888888887,60.0,6.67
Anytime Fitness,Price/Fees,10,0.36071,50.0,0.0
Anytime Fitness,Policies/Contract,8,0.19274999999999998,50.0,12.5
Anytime Fitness,Classes/Programs,3,0.14049999999999999,33.33,0.0
Anytime Fitness,Cleanliness,19,0.41476315789473683,73.68,15.79
Anytime Fitness Jurong East Central,Staff/Service,94,0.38174368794326236,73.4,20.21
Anytime Fitness Jurong East Central,Location/Accessibility,30,0.2905761111111111,53.33,6.67
Anytime Fitness Jurong East Central,Overall Experience,61,0.33385560109289625,75.41,22.95
Anytime Fitness Jurong East Central,Cleanliness,31,0.46298279569892464,80.65,16.13
Anytime Fitness Jurong East Central,Crowdedness,15,0.1574888888888889,40.0,13.33
Anytime Fitness Jurong East Central,Equipment,41,0.40525121951219506,75.61,14.63
Anytime Fitness Jurong East Central,Facilities,52,0.3724131410256411,65.38,13.46
Anytime Fitness Jurong East Central,Price/Fees,21,0.11955714285714288,42.86,28.57
Anytime Fitness Jurong East Central,Classes/Programs,9,0.38951111111111114,77.78,11.11
Anytime Fitness Jurong East Central,Policies/Contract,13,-0.08676,38.46,53.85
Anytime Fitness Ang Mo Kio South,Staff/Service,277,0.6895440433212996,98.56,0.36
Anytime Fitness Ang Mo Kio South,Facilities,90,0.5338666666666666,85.56,5.56
Anytime Fitness Ang Mo Kio South,Overall Experience,156,0.5814393162393162,95.51,3.21
Anytime Fitness Ang Mo Kio South,Cleanliness,111,0.6260333333333333,95.5,3.6
Anytime Fitness Ang Mo Kio South,Equipment,78,0.5124128205128204,84.62,2.56
Anytime Fitness Ang Mo Kio South,Location/Accessibility,37,0.44797027027027025,78.38,2.7
Anytime Fitness Ang Mo Kio South,Price/Fees,23,0.5032913043478261,73.91,0.0
Anytime Fitness Ang Mo Kio South,Classes/Programs,8,0.5487,75.0,0.0
Anytime Fitness Ang Mo Kio South,Crowdedness,18,0.3762972222222222,77.78,5.56
Anytime Fitness Ang Mo Kio South,Policies/Contract,14,0.49589999999999995,78.57,0.0
Anytime Fitness Pasir Panjang,Overall Experience,202,0.5704757425742575,98.51,0.99
Anytime Fitness Pasir Panjang,Staff/Service,247,0.6490890823211878,96.36,1.62
Anytime Fitness Pasir Panjang,Equipment,130,0.43121453296703294,70.77,1.54
Anytime Fitness Pasir Panjang,Facilities,221,0.4372530316742081,74.21,1.81
Anytime Fitness Pasir Panjang,Classes/Programs,30,0.46413166666666666,76.67,3.33
Anytime Fitness Pasir Panjang,Crowdedness,47,0.25478191489361696,53.19,8.51
Anytime Fitness Pasir Panjang,Location/Accessibility,61,0.3205008196721312,62.3,1.64
Anytime Fitness Pasir Panjang,Cleanliness,116,0.5787127011494253,93.97,2.59
Anytime Fitness Pasir Panjang,Price/Fees,18,0.09712129629629629,44.44,22.22
Anytime Fitness Pasir Panjang,Policies/Contract,16,0.41513125,87.5,12.5
Anytime Fitness Bedok 85,Staff/Service,532,0.6545511121553885,96.62,0.38
Anytime Fitness Bedok 85,Equipment,81,0.5620987654320988,87.65,0.0
Anytime Fitness Bedok 85,Cleanliness,143,0.6328886946386947,96.5,2.1
Anytime Fitness Bedok 85,Location/Accessibility,54,0.41746975308641976,70.37,1.85
Anytime Fitness Bedok 85,Facilities,109,0.5274665137614678,86.24,1.83
Anytime Fitness Bedok 85,Price/Fees,84,0.4320854761904762,73.81,0.0
Anytime Fitness Bedok 85,Policies/Contract,34,0.5748941176470589,88.24,0.0
Anytime Fitness Bedok 85,Overall Experience,160,0.659605625,98.75,0.0
Anytime Fitness Bedok 85,Crowdedness,18,0.2386018518518519,50.0,0.0
Anytime Fitness Bedok 85,Classes/Programs,10,0.37457999999999997,80.0,0.0
Anytime Fitness Upper Serangoon,Staff/Service,110,0.548935909090909,94.55,2.73
Anytime Fitness Upper Serangoon,Facilities,55,0.50449,83.64,0.0
Anytime Fitness Upper Serangoon,Price/Fees,5,0.38725,80.0,0.0
Anytime Fitness Upper Serangoon,Overall Experience,93,0.6041379569892472,95.7,1.08
Anytime Fitness Upper Serangoon,Crowdedness,54,0.46862407407407397,98.15,0.0
Anytime Fitness Upper Serangoon,Cleanliness,53,0.618603459119497,98.11,0.0
Anytime Fitness Upper Serangoon,Equipment,58,0.4860420258620689,82.76,1.72
Anytime Fitness Upper Serangoon,Location/Accessibility,19,0.2885631578947368,57.89,0.0
Anytime Fitness Upper Serangoon,Classes/Programs,11,0.4423545454545455,72.73,0.0
Anytime Fitness Upper Serangoon,Policies/Contract,3,0.5418333333333333,100.0,0.0
Anytime Fitness ACE The Place CC,Staff/Service,92,0.5702241847826087,89.13,6.52
Anytime Fitness ACE The Place CC,Facilities,30,0.4770216666666666,83.33,3.33
Anytime Fitness ACE The Place CC,Overall Experience,43,0.5631748062015504,90.7,6.98
Anytime Fitness ACE The Place CC,Equipment,38,0.3555188596491228,65.79,10.53
Anytime Fitness ACE The Place CC,Crowdedness,15,0.16628,53.33,20.0
Anytime Fitness ACE The Place CC,Classes/Programs,13,0.24113397435897438,61.54,15.38
Anytime Fitness ACE The Place CC,Cleanliness,17,0.3353161764705883,64.71,23.53
Anytime Fitness ACE The Place CC,Price/Fees,15,0.06892000000000002,46.67,33.33
Anytime Fitness ACE The Place CC,Location/Accessibility,20,0.3898725,75.0,5.0
Anytime Fitness ACE The Place CC,Policies/Contract,10,-0.020575,40.0,60.0
Anytime Fitness Bukit Timah,Staff/Service,31,0.48384193548387094,83.87,16.13
Anytime Fitness Bukit Timah,Price/Fees,8,0.23020000000000002,75.0,25.0
Anytime Fitness Bukit Timah,Location/Accessibility,12,0.44810833333333333,83.33,8.33
Anytime Fitness Bukit Timah,Overall Experience,28,0.5690196428571428,89.29,7.14
Anytime Fitness Bukit Timah,Equipment,22,0.22237590909090912,59.09,18.18
Anytime Fitness Bukit Timah,Facilities,30,0.4394423333333333,83.33,0.0
Anytime Fitness Bukit Timah,Crowdedness,15,0.09749666666666669,46.67,20.0
Anytime Fitness Bukit Timah,Cleanliness,15,0.31939999999999996,73.33,20.0
Anytime Fitness Bukit Timah,Classes/Programs,4,0.3728125,75.0,0.0
Anytime Fitness Bukit Timah,Policies/Contract,7,0.14600000000000005,57.14,28.57
Anytime Fitness Jurong Summit,Staff/Service,141,0.6485340425531916,93.62,3.55
Anytime Fitness Jurong Summit,Cleanliness,74,0.5942231981981982,95.95,1.35
Anytime Fitness Jurong Summit,Equipment,111,0.38589012012012014,73.87,7.21
Anytime Fitness Jurong Summit,Facilities,147,0.47251374149659864,80.95,1.36
Anytime Fitness Jurong Summit,Price/Fees,9,0.4087444444444444,88.89,0.0
Anytime Fitness Jurong Summit,Overall Experience,89,0.6115836142322097,94.38,2.25
Anytime Fitness Jurong Summit,Classes/Programs,5,0.5281800000000001,80.0,0.0
Anytime Fitness Jurong Summit,Location/Accessibility,43,0.33933023255813954,67.44,2.33
Anytime Fitness Jurong Summit,Crowdedness,26,0.14820384615384616,46.15,19.23
Anytime Fitness Jurong Summit,Policies/Contract,8,0.63005,100.0,0.0
Anytime Fitness Buona Vista,Crowdedness,58,0.3507248275862068,63.79,5.17
Anytime Fitness Buona Vista,Price/Fees,21,0.44878253968253967,76.19,4.76
Anytime Fitness Buona Vista,Equipment,173,0.48099576107899805,82.08,4.62
Anytime Fitness Buona Vista,Facilities,154,0.5314572294372294,84.42,4.55
Anytime Fitness Buona Vista,Location/Accessibility,54,0.42481851851851854,75.93,9.26
Anytime Fitness Buona Vista,Overall Experience,216,0.6276534722222222,96.3,1.85
Anytime Fitness Buona Vista,Staff/Service,333,0.6952578578578579,96.4,0.9
Anytime Fitness Buona Vista,Cleanliness,125,0.6252233333333334,95.2,3.2
Anytime Fitness Buona Vista,Policies/Contract,16,0.4751953125,87.5,6.25
Anytime Fitness Buona Vista,Classes/Programs,19,0.4920473684210527,89.47,0.0
Anytime Fitness MacPherson Mall,Equipment,44,0.4930310606060606,81.82,0.0
Anytime Fitness MacPherson Mall,Facilities,42,0.5499305555555557,85.71,0.0
Anytime Fitness MacPherson Mall,Overall Experience,54,0.6151824074074074,94.44,3.7
Anytime Fitness MacPherson Mall,Classes/Programs,25,0.5112473333333334,84.0,0.0
Anytime Fitness MacPherson Mall,Staff/Service,83,0.6855322289156627,97.59,1.2
Anytime Fitness MacPherson Mall,Cleanliness,42,0.6724166666666667,100.0,0.0
Anytime Fitness MacPherson Mall,Location/Accessibility,19,0.4411157894736842,68.42,15.79
Anytime Fitness MacPherson Mall,Crowdedness,16,0.40145000000000003,62.5,6.25
Anytime Fitness MacPherson Mall,Price/Fees,7,0.4806571428571429,71.43,0.0
Anytime Fitness MacPherson Mall,Policies/Contract,8,0.3168,62.5,12.5
Anytime Fitness Tanjong Pagar,Equipment,74,0.318808963963964,70.27,14.86
Anytime Fitness Tanjong Pagar,Facilities,62,0.41941989247311834,70.97,6.45
Anytime Fitness Tanjong Pagar,Staff/Service,125,0.5650937866666667,83.2,10.4
Anytime Fitness Tanjong Pagar,Cleanliness,54,0.5214064814814814,85.19,9.26
Anytime Fitness Tanjong Pagar,Overall Experience,92,0.581975,91.3,7.61
Anytime Fitness Tanjong Pagar,Policies/Contract,17,0.33669411764705887,70.59,11.76
Anytime Fitness Tanjong Pagar,Location/Accessibility,44,0.3383064393939394,63.64,4.55
Anytime Fitness Tanjong Pagar,Crowdedness,27,0.22491851851851852,48.15,18.52
Anytime Fitness Tanjong Pagar,Classes/Programs,24,0.46091041666666666,83.33,8.33
Anytime Fitness Tanjong Pagar,Price/Fees,19,0.31949210526315786,73.68,10.53
Anytime Fitness D'Arena Jurong,Staff/Service,109,0.6593714067278289,95.41,0.92
Anytime Fitness D'Arena Jurong,Equipment,47,0.533972340425532,85.11,0.0
Anytime Fitness D'Arena Jurong,Facilities,71,0.5279143192488263,81.69,1.41
Anytime Fitness D'Arena Jurong,Overall Experience,67,0.6772963930348258,95.52,0.0
Anytime Fitness D'Arena Jurong,Cleanliness,33,0.5943333333333333,93.94,0.0
Anytime Fitness D'Arena Jurong,Price/Fees,5,0.301395,60.0,40.0
Anytime Fitness D'Arena Jurong,Crowdedness,9,0.1673111111111111,66.67,22.22
Anytime Fitness D'Arena Jurong,Classes/Programs,9,0.41873888888888894,77.78,0.0
Anytime Fitness D'Arena Jurong,Location/Accessibility,15,0.31690000000000007,66.67,6.67
Anytime Fitness D'Arena Jurong,Policies/Contract,9,0.43009629629629625,66.67,11.11
Anytime Fitness Admiralty,Staff/Service,66,0.6511409090909092,90.91,6.06
Anytime Fitness Admiralty,Facilities,31,0.34936612903225805,70.97,12.9
Anytime Fitness Admiralty,Location/Accessibility,20,0.3483075,70.0,5.0
Anytime Fitness Admiralty,Overall Experience,36,0.47731898148148155,86.11,11.11
Anytime Fitness Admiralty,Cleanliness,25,0.40106200000000003,84.0,16.0
Anytime Fitness Admiralty,Equipment,29,0.20534655172413793,51.72,20.69
Anytime Fitness Admiralty,Crowdedness,18,0.15518333333333334,38.89,5.56
Anytime Fitness Admiralty,Price/Fees,17,0.24138676470588236,52.94,29.41
Anytime Fitness Admiralty,Policies/Contract,11,0.3125386363636364,63.64,9.09
Anytime Fitness Admiralty,Classes/Programs,1,0.6652,100.0,0.0
Anytime Fitness Buangkok,Staff/Service,25,0.3076270666666666,64.0,28.0
Anytime Fitness Buangkok,Equipment,18,0.4026453703703704,77.78,11.11
Anytime Fitness Buangkok,Facilities,14,0.2637714285714286,64.29,14.29
Anytime Fitness Buangkok,Price/Fees,7,-0.22163285714285716,28.57,71.43
Anytime Fitness Buangkok,Policies/Contract,8,0.11719687500000002,62.5,25.0
Anytime Fitness Buangkok,Location/Accessibility,5,-0.17416,20.0,60.0
Anytime Fitness Buangkok,Classes/Programs,2,0.33525,50.0,0.0
Anytime Fitness Buangkok,Overall Experience,19,0.20537807017543858,63.16,31.58
Anytime Fitness Buangkok,Crowdedness,15,0.23492666666666667,60.0,20.0
Anytime Fitness Buangkok,Cleanliness,10,0.22677,60.0,40.0
Anytime Fitness Chai Chee,Equipment,144,0.5241381944444444,82.64,2.08
Anytime Fitness Chai Chee,Price/Fees,19,0.37675,68.42,15.79
Anytime Fitness Chai Chee,Policies/Contract,17,0.4471274509803922,64.71,0.0
Anytime Fitness Chai Chee,Staff/Service,186,0.6572674283154122,96.24,1.61
Anytime Fitness Chai Chee,Overall Experience,118,0.6247452118644067,96.61,1.69
Anytime Fitness Chai Chee,Facilities,183,0.5371651390958768,85.25,1.64
Anytime Fitness Chai Chee,Crowdedness,37,0.33235405405405405,62.16,2.7
Anytime Fitness Chai Chee,Cleanliness,66,0.6225681818181819,92.42,3.03
Anytime Fitness Chai Chee,Location/Accessibility,48,0.4634777777777778,77.08,2.08
Anytime Fitness Chai Chee,Classes/Programs,8,0.2872625,62.5,25.0
Anytime Fitness NEX,Overall Experience,33,0.06385969696969696,48.48,42.42
Anytime Fitness NEX,Crowdedness,24,0.023554166666666654,20.83,20.83
Anytime Fitness NEX,Staff/Service,59,-0.04916638418079096,32.2,45.76
Anytime Fitness NEX,Facilities,41,0.13640813008130082,51.22,24.39
Anytime Fitness NEX,Location/Accessibility,31,0.09956612903225803,45.16,29.03
Anytime Fitness NEX,Equipment,58,0.054647701149425285,41.38,32.76
Anytime Fitness NEX,Cleanliness,20,-0.02119833333333334,40.0,50.0
Anytime Fitness NEX,Policies/Contract,14,0.06263214285714287,42.86,28.57
Anytime Fitness NEX,Price/Fees,26,0.09718814102564101,57.69,23.08
Anytime Fitness NEX,Classes/Programs,4,0.05167500000000001,50.0,25.0
Anytime Fitness Upper Cross Street,Facilities,20,0.11115833333333333,45.0,30.0
Anytime Fitness Upper Cross Street,Location/Accessibility,17,0.1453441176470588,52.94,17.65
Anytime Fitness Upper Cross Street,Staff/Service,28,0.21557380952380953,67.86,28.57
Anytime Fitness Upper Cross Street,Overall Experience,18,0.3640157407407407,66.67,22.22
Anytime Fitness Upper Cross Street,Cleanliness,26,0.01614025641025641,38.46,50.0
Anytime Fitness Upper Cross Street,Equipment,27,0.24992098765432097,51.85,29.63
Anytime Fitness Upper Cross Street,Policies/Contract,6,0.37556666666666666,100.0,0.0
Anytime Fitness Upper Cross Street,Price/Fees,11,0.11198636363636365,36.36,27.27
Anytime Fitness Upper Cross Street,Classes/Programs,4,0.2605,50.0,0.0
Anytime Fitness Upper Cross Street,Crowdedness,9,0.20243333333333335,55.56,11.11
Anytime Fitness Bukit Timah Central,Staff/Service,377,0.6789915473032714,95.23,1.86
Anytime Fitness Bukit Timah Central,Equipment,166,0.538857469879518,82.53,6.02
Anytime Fitness Bukit Timah Central,Price/Fees,20,0.3785425,70.0,25.0
Anytime Fitness Bukit Timah Central,Policies/Contract,12,0.6520333333333332,91.67,0.0
Anytime Fitness Bukit Timah Central,Crowdedness,35,0.35024,62.86,5.71
Anytime Fitness Bukit Timah Central,Facilities,132,0.5646015277777777,86.36,3.79
Anytime Fitness Bukit Timah Central,Overall Experience,179,0.6292675538707103,93.3,1.12
Anytime Fitness Bukit Timah Central,Cleanliness,145,0.6475448275862069,94.48,4.83
Anytime Fitness Bukit Timah Central,Location/Accessibility,52,0.4309052884615385,73.08,7.69
Anytime Fitness Bukit Timah Central,Classes/Programs,10,0.23448000000000002,50.0,10.0
Anytime Fitness hillV2,Staff/Service,35,0.14894904761904765,51.43,37.14
Anytime Fitness hillV2,Cleanliness,17,0.37888431372549014,70.59,5.88
Anytime Fitness hillV2,Equipment,27,0.16812425925925928,48.15,29.63
Anytime Fitness hillV2,Facilities,27,0.15929755892255895,48.15,22.22
Anytime Fitness hillV2,Policies/Contract,12,-0.05630694444444445,33.33,41.67
Anytime Fitness hillV2,Location/Accessibility,14,0.21727380952380954,57.14,7.14
Anytime Fitness hillV2,Classes/Programs,3,0.22693333333333332,33.33,0.0
Anytime Fitness hillV2,Crowdedness,12,0.2195625,50.0,16.67
Anytime Fitness hillV2,Price/Fees,13,-0.028616153846153854,38.46,30.77
Anytime Fitness hillV2,Overall Experience,20,0.29977250000000005,70.0,25.0
Anytime Fitness New Upper Thomson,Location/Accessibility,34,0.4228044117647059,70.59,0.0
Anytime Fitness New Upper Thomson,Staff/Service,113,0.6598137168141592,97.35,1.77
Anytime Fitness New Upper Thomson,Overall Experience,71,0.5767274647887325,91.55,2.82
Anytime Fitness New Upper Thomson,Cleanliness,65,0.610124358974359,93.85,1.54
Anytime Fitness New Upper Thomson,Facilities,44,0.5465272727272728,86.36,4.55
Anytime Fitness New Upper Thomson,Equipment,51,0.48734764705882355,86.27,0.0
Anytime Fitness New Upper Thomson,Price/Fees,6,0.35146666666666665,83.33,0.0
Anytime Fitness New Upper Thomson,Classes/Programs,10,0.47323000000000004,80.0,0.0
Anytime Fitness New Upper Thomson,Crowdedness,31,0.40724032258064524,64.52,0.0
Anytime Fitness New Upper Thomson,Policies/Contract,3,0.2958,66.67,33.33
Anytime Fitness Geylang Bahru,Staff/Service,227,0.6455251835535976,96.04,1.32
Anytime Fitness Geylang Bahru,Facilities,47,0.5558840425531916,87.23,4.26
Anytime Fitness Geylang Bahru,Overall Experience,111,0.6127072072072071,96.4,0.0
Anytime Fitness Geylang Bahru,Cleanliness,75,0.5862933333333332,93.33,5.33
Anytime Fitness Geylang Bahru,Equipment,46,0.3972141304347826,73.91,8.7
Anytime Fitness Geylang Bahru,Crowdedness,21,0.3784119047619048,71.43,4.76
Anytime Fitness Geylang Bahru,Location/Accessibility,27,0.4414777777777777,74.07,3.7
Anytime Fitness Geylang Bahru,Policies/Contract,8,0.6524000000000001,100.0,0.0
Anytime Fitness Geylang Bahru,Classes/Programs,7,0.24964285714285714,71.43,14.29
Anytime Fitness Geylang Bahru,Price/Fees,38,0.47972368421052625,76.32,2.63
Anytime Fitness New Tech Park,Staff/Service,213,0.64232034428795,94.84,1.88
Anytime Fitness New Tech Park,Cleanliness,80,0.5724525,92.5,5.0
Anytime Fitness New Tech Park,Equipment,48,0.4466088541666667,75.0,8.33
Anytime Fitness New Tech Park,Facilities,58,0.5628433908045977,87.93,3.45
Anytime Fitness New Tech Park,Price/Fees,26,0.44402692307692304,76.92,3.85
Anytime Fitness New Tech Park,Policies/Contract,12,0.5326083333333335,83.33,0.0
Anytime Fitness New Tech Park,Location/Accessibility,30,0.5528466666666667,86.67,3.33
Anytime Fitness New Tech Park,Overall Experience,87,0.6582683908045979,96.55,2.3
Anytime Fitness New Tech Park,Classes/Programs,37,0.48575135135135133,78.38,0.0
Anytime Fitness New Tech Park,Crowdedness,19,0.30747368421052634,57.89,21.05
Anytime Fitness Northpoint City,Staff/Service,57,-0.015571929824561407,38.6,42.11
Anytime Fitness Northpoint City,Policies/Contract,11,-0.06905545454545453,36.36,45.45
Anytime Fitness Northpoint City,Overall Experience,31,0.09357231182795701,51.61,41.94
Anytime Fitness Northpoint City,Facilities,52,0.14867490384615387,48.08,25.0
Anytime Fitness Northpoint City,Price/Fees,32,0.07541796875000001,40.62,37.5
Anytime Fitness Northpoint City,Cleanliness,30,-0.06246333333333333,36.67,53.33
Anytime Fitness Northpoint City,Equipment,63,0.061449603174603164,41.27,36.51
Anytime Fitness Northpoint City,Location/Accessibility,24,0.14365520833333334,58.33,20.83
Anytime Fitness Northpoint City,Crowdedness,18,0.039155555555555555,22.22,16.67
Anytime Fitness Cecil Street,Staff/Service,58,0.4260824712643678,72.41,17.24
Anytime Fitness Cecil Street,Cleanliness,32,0.3689986979166667,78.12,9.38
Anytime Fitness Cecil Street,Location/Accessibility,36,0.3667083333333333,63.89,2.78
Anytime Fitness Cecil Street,Overall Experience,28,0.36889583333333326,67.86,25.0
Anytime Fitness Cecil Street,Facilities,43,0.2973075581395349,72.09,13.95
Anytime Fitness Cecil Street,Price/Fees,15,0.03436588888888889,46.67,33.33
Anytime Fitness Cecil Street,Classes/Programs,4,0.20898333333333335,50.0,0.0
Anytime Fitness Cecil Street,Equipment,35,0.28431857142857137,68.57,20.0
Anytime Fitness Cecil Street,Crowdedness,14,0.2198571428571429,50.0,0.0
Anytime Fitness Cecil Street,Policies/Contract,12,0.15087499999999998,50.0,25.0
Anytime Fitness West Coast Plaza,Cleanliness,13,0.2976115384615384,69.23,30.77
Anytime Fitness West Coast Plaza,Staff/Service,23,0.4302934782608696,78.26,13.04
Anytime Fitness West Coast Plaza,Equipment,18,0.4504694444444444,77.78,11.11
Anytime Fitness West Coast Plaza,Overall Experience,17,0.39904803921568627,76.47,17.65
Anytime Fitness West Coast Plaza,Facilities,25,0.35564999999999997,60.0,12.0
Anytime Fitness West Coast Plaza,Location/Accessibility,13,0.28929230769230774,61.54,7.69
Anytime Fitness West Coast Plaza,Crowdedness,13,0.25361538461538463,53.85,7.69
Anytime Fitness West Coast Plaza,Classes/Programs,11,0.26693636363636364,63.64,18.18
Anytime Fitness West Coast Plaza,Price/Fees,4,0.475075,75.0,0.0
Anytime Fitness West Coast Plaza,Policies/Contract,1,0.7579,100.0,0.0
Anytime Fitness Clementi City,Cleanliness,16,0.300371875,68.75,18.75
Anytime Fitness Clementi City,Crowdedness,19,0.12458070175438597,36.84,21.05
Anytime Fitness Clementi City,Equipment,23,0.15677608695652176,56.52,30.43
Anytime Fitness Clementi City,Staff/Service,62,0.40346881720430106,75.81,19.35
Anytime Fitness Clementi City,Facilities,27,0.339674074074074,66.67,18.52
Anytime Fitness Clementi City,Overall Experience,36,0.4015784722222222,77.78,22.22
Anytime Fitness Clementi City,Location/Accessibility,20,0.28007750000000003,60.0,5.0
Anytime Fitness Clementi City,Price/Fees,11,0.0742125,36.36,45.45
Anytime Fitness Clementi City,Classes/Programs,9,0.34018333333333334,77.78,22.22
Anytime Fitness Clementi City,Policies/Contract,5,0.10401999999999997,40.0,40.0
Anytime Fitness Kovan,Staff/Service,24,0.20559999999999998,58.33,37.5
Anytime Fitness Kovan,Cleanliness,18,0.12147166666666667,61.11,38.89
Anytime Fitness Kovan,Equipment,25,0.05709399999999998,32.0,24.0
Anytime Fitness Kovan,Facilities,25,0.21827,64.0,24.0
Anytime Fitness Kovan,Price/Fees,5,-0.11330666666666667,60.0,40.0
Anytime Fitness Kovan,Policies/Contract,10,-0.06792000000000001,30.0,50.0
Anytime Fitness Kovan,Overall Experience,15,0.18175000000000002,60.0,20.0
Anytime Fitness Kovan,Location/Accessibility,10,0.12544499999999997,60.0,20.0
Anytime Fitness Kovan,Crowdedness,6,0.035766666666666676,16.67,16.67
Anytime Fitness Kovan,Classes/Programs,7,0.2788714285714286,57.14,0.0
Anytime Fitness Paya Lebar,Equipment,21,0.149047619047619,52.38,19.05
Anytime Fitness Paya Lebar,Facilities,25,0.15776200000000004,48.0,12.0
Anytime Fitness Paya Lebar,Staff/Service,17,0.21328235294117648,58.82,29.41
Anytime Fitness Paya Lebar,Price/Fees,8,-0.06712749999999999,25.0,50.0
Anytime Fitness Paya Lebar,Cleanliness,15,0.23916333333333337,66.67,20.0
Anytime Fitness Paya Lebar,Location/Accessibility,8,0.033029166666666665,25.0,12.5
Anytime Fitness Paya Lebar,Overall Experience,19,0.2070078947368421,68.42,26.32
Anytime Fitness Paya Lebar,Crowdedness,9,-0.010255555555555565,33.33,44.44
Anytime Fitness Paya Lebar,Policies/Contract,4,0.13608333333333333,50.0,50.0
Anytime Fitness Bedok Central,Staff/Service,62,0.6581443548387097,95.16,3.23
Anytime Fitness Bedok Central,Crowdedness,12,0.08970416666666665,33.33,16.67
Anytime Fitness Bedok Central,Location/Accessibility,17,0.454635294117647,82.35,5.88
Anytime Fitness Bedok Central,Cleanliness,16,0.5672499999999999,87.5,6.25
Anytime Fitness Bedok Central,Equipment,28,0.36794642857142856,78.57,14.29
Anytime Fitness Bedok Central,Facilities,22,0.510990909090909,81.82,0.0
Anytime Fitness Bedok Central,Price/Fees,9,0.403788888888889,66.67,11.11
Anytime Fitness Bedok Central,Overall Experience,38,0.5317039473684211,84.21,15.79
Anytime Fitness Bedok Central,Policies/Contract,3,0.36129999999999995,66.67,0.0
Anytime Fitness Jalan Besar,Cleanliness,18,0.5373333333333333,83.33,0.0
Anytime Fitness Jalan Besar,Equipment,21,0.33412222222222226,90.48,4.76
Anytime Fitness Jalan Besar,Facilities,19,0.17939561403508772,57.89,21.05
Anytime Fitness Jalan Besar,Overall Experience,18,0.45831805555555555,88.89,11.11
Anytime Fitness Jalan Besar,Crowdedness,13,0.26355384615384614,61.54,7.69
Anytime Fitness Jalan Besar,Location/Accessibility,8,0.2826,62.5,0.0
Anytime Fitness Jalan Besar,Staff/Service,26,0.47462756410256407,76.92,11.54
Anytime Fitness Jalan Besar,Price/Fees,9,0.16459814814814816,44.44,22.22
Anytime Fitness Jalan Besar,Policies/Contract,8,0.25387499999999996,50.0,25.0
Anytime Fitness Tiong Bahru Plaza,Staff/Service,16,0.32546250000000004,62.5,25.0
Anytime Fitness Tiong Bahru Plaza,Policies/Contract,5,0.2214433333333333,40.0,20.0
Anytime Fitness Tiong Bahru Plaza,Crowdedness,13,0.14518461538461538,46.15,15.38
Anytime Fitness Tiong Bahru Plaza,Equipment,14,0.311475,71.43,21.43
Anytime Fitness Tiong Bahru Plaza,Facilities,12,0.4482916666666667,83.33,8.33
Anytime Fitness Tiong Bahru Plaza,Cleanliness,17,0.2199,58.82,29.41
Anytime Fitness Tiong Bahru Plaza,Location/Accessibility,10,0.33663,70.0,10.0
Anytime Fitness Tiong Bahru Plaza,Price/Fees,6,0.09360000000000002,33.33,33.33
Anytime Fitness Tiong Bahru Plaza,Overall Experience,7,0.15702857142857143,57.14,42.86
Anytime Fitness Tiong Bahru Plaza,Classes/Programs,2,0.08000666666666667,50.0,50.0
Anytime Fitness Yishun East,Facilities,56,0.5347633928571429,87.5,3.57
Anytime Fitness Yishun East,Cleanliness,81,0.6313561728395061,100.0,0.0
Anytime Fitness Yishun East,Staff/Service,98,0.6881484693877552,98.98,0.0
Anytime Fitness Yishun East,Crowdedness,15,0.3816133333333333,66.67,0.0
Anytime Fitness Yishun East,Policies/Contract,8,0.6206,87.5,0.0
Anytime Fitness Yishun East,Classes/Programs,2,0.21005,50.0,0.0
Anytime Fitness Yishun East,Overall Experience,49,0.6548768707482993,100.0,0.0
Anytime Fitness Yishun East,Price/Fees,8,0.4529875,62.5,0.0
Anytime Fitness Yishun East,Location/Accessibility,21,0.44512142857142856,85.71,0.0
Anytime Fitness Yishun East,Equipment,47,0.43693085106382984,74.47,0.0
Anytime Fitness New Queensway,Staff/Service,158,0.7329690506329113,98.1,1.27
Anytime Fitness New Queensway,Facilities,62,0.5637895161290322,85.48,6.45
Anytime Fitness New Queensway,Equipment,65,0.4966479487179487,86.15,1.54
Anytime Fitness New Queensway,Overall Experience,101,0.6478950495049505,94.06,2.97
Anytime Fitness New Queensway,Price/Fees,13,0.6001115384615384,92.31,0.0
Anytime Fitness New Queensway,Cleanliness,74,0.6686263513513513,97.3,1.35
Anytime Fitness New Queensway,Crowdedness,18,0.40633333333333327,61.11,16.67
Anytime Fitness New Queensway,Location/Accessibility,20,0.4456199999999999,70.0,10.0
Anytime Fitness New Queensway,Policies/Contract,12,0.47396666666666665,75.0,8.33
Anytime Fitness Tekka Place,Staff/Service,74,0.6974252252252252,95.95,1.35
Anytime Fitness Tekka Place,Facilities,32,0.5416276041666667,87.5,0.0
Anytime Fitness Tekka Place,Overall Experience,38,0.6616017543859648,100.0,0.0
Anytime Fitness Tekka Place,Location/Accessibility,19,0.4696473684210526,78.95,0.0
Anytime Fitness Tekka Place,Cleanliness,26,0.6681634615384616,96.15,0.0
Anytime Fitness Tekka Place,Policies/Contract,7,0.4803,85.71,0.0
Anytime Fitness Tekka Place,Equipment,24,0.5302194444444445,79.17,4.17
Anytime Fitness Tekka Place,Price/Fees,7,0.5328642857142858,100.0,0.0
Anytime Fitness Tekka Place,Crowdedness,4,0.354875,75.0,0.0
