outlet,author,rating,text,date_posted,date_posted_normalized,review_id
Anytime Fitness Jurong Summit,khrhms,5,"Great outlet! Spacious and plenty of unique machines. The place is pretty clean too, with gendered showers and changing rooms. Weekend crowd wasnâ€™t bad, got a good workout in 1 hr. Will definitely come again. Located at level 2 of the JTC building.",3 months ago,August 2025,Ci9DQUlRQUNvZENodHljRjlvT2xjMlUzZFJNUzF6WnpkTWVuSnJjWHBFTjFoVGRHYxAB
Anytime Fitness Jurong Summit,Lau Guan Zhen (Sean),5,"Anytime Fitness at Jurong Summit is a fantastic gym with everything you need for a great workout! The facility is clean, spacious, and well-maintained, with a wide variety of equipmentâ€”from free weights and machines to cardio equipmentâ€”all in excellent condition.

The 24/7 access is super convenient, allowing you to work out on your own schedule. The staff are friendly, professional, and always ready to assist with any questions or advice. The gym has a welcoming and motivating atmosphere, making it suitable for beginners and experienced gym-goers alike.

Itâ€™s also never overly crowded, so you can get through your routine without much waiting. If youâ€™re in the Jurong area and looking for a reliable gym, Anytime Fitness Jurong Summit is a top-notch choice!",10 months ago,January 2025,ChZDSUhNMG9nS0VJQ0FnSURmb1lPY0t3EAE
Anytime Fitness Jurong Summit,Jack,5,Pretty good AF..a lot of unique machines not found elsewhere. Equipment all spaced apart which is always a good thing. Love that the body scan is right at doorstep and anyone can access freely unlike some other AF is inside the room. Worth my journey from the east to the west.,a year ago,November 2024,ChdDSUhNMG9nS0VJQ0FnSUNIZzdYRDhBRRAB
Anytime Fitness Jurong Summit,Jairaj Jeyabal,5,"Visited this gym for the first time yesterday and I was highly impressed right from the moment I entered.

Very friendly and helpful staff who greet you at the door as you enter. Good organisation of equipment, really spacious layout as well. This gym is catered towards powerlifters and strength athletes. They have a unique collection of plate-loaded machines which are hard to come by anywhere else. If you love to lift heavy, this is certainly the spot for you.

There is a custodian/cleaner who maintains the place well. He's always wiping down the equipment. No issues with other users, positive vibes all around.

If you are in the area, you have to check out this gym. Easily accessible from Jurong East MRT, it's a 5 minute walk (sheltered too) from there.",Edited 7 months ago,April 2025,ChdDSUhNMG9nS0VJQ0FnTURRamNIbXFnRRAB
Anytime Fitness Jurong Summit,Will,5,"The gym is pretty new, wonderful and cosy. The machines are varied and on a weekend, there is an active crowd.

The newness of the machines is a super wow.

Thanks for the call Ju.
Sorry for any inconvenience caused.",a year ago,November 2024,ChdDSUhNMG9nS0VJQ0FnSUQ3Ni11SHVnRRAB
Anytime Fitness Jurong Summit,Brandt Ong Ren,5,"What a great gym! Itâ€™s spacious, clean, and has one of the best equipment range. Always smells like Abercrombie 0.o
And the staff are super friendly and helpful.",4 months ago,July 2025,Ci9DQUlRQUNvZENodHljRjlvT21KUFgwVnljVE15YTE5M2FYaGxaR05DWm1SWlZtYxAB
Anytime Fitness Jurong Summit,Jeroen Ow,4,"Came on a Saturday, Thereâ€™s ample room to move between machines without worrying youâ€™ll get clocked in the head or interrupt someone elseâ€™s set. Machines have good variety,cleaning cloths and sprays every other machine, musics good. I would give it full stars if the gents toilet didnâ€™t smell strongly like piss, have drain flies , or empty soap dispensers in the shower. The bin pedal is missing. The shower floor should include some of those raised mats to increase grip and prevent flipflops from causing suction , increasing slip risk.",3 months ago,August 2025,Ci9DQUlRQUNvZENodHljRjlvT2tGMWIyWk5NazV0WlhKUU1HbFlTR2x0UmprMWFHYxAB
Anytime Fitness Jurong Summit,Joachim alva,5,"Iâ€™ve been going to this gym for a while now and Iâ€™m pretty happy with it.
The vibe is chill â€” no judgment, just people doing their thing. The staff are friendly and always ready to help if you need anything.",4 months ago,July 2025,Ci9DQUlRQUNvZENodHljRjlvT2tad01GY3RTbDlCWkVsMk5HSjRhbFpWUzFodmVIYxAB
Anytime Fitness Jurong Summit,Pang Yong lit,5,"Spacious with alot of squat / bench racks. Peak hour crowd still manageable with adequate equipment coverage. Unique machines not commonly found in other ATF such as assault bike, ski climber.",5 months ago,June 2025,ChdDSUhNMG9nS0VOclV5b3lqMHUzRmlBRRAB
Anytime Fitness Jurong Summit,Kenzo Chong,5,"Really clean environment, with adequate mix of squat racks, free weights and machines. Particularly enjoyed the fact that they have 6 squat racks here, making it easier to get workouts done ðŸ˜Š â€¦",a year ago,November 2024,ChZDSUhNMG9nS0VJQ0FnSUMxM0pPdldREAE
Anytime Fitness Jurong Summit,Suhaimi Jantan,4,"Amazing placeâ€”huge, spacious, and a must-visit if youâ€™re on the west side. The only downside? Plates disappear faster than gains on a rest dayâ€”especially when every powerlifter decides itâ€™s PR day at once.",5 months ago,June 2025,ChZDSUhNMG9nS0VLVFM2YlBqMDhhM1R3EAE
Anytime Fitness Jurong Summit,M L.,5,"Hi Anytime Fitness Jurong Summit, kindly not turn off the air-con during non-staffed hours.

There are still many gym goers working out in the gym outside of staffed timings.

It's seriously very humid and stuffy. Please keep the air-cons turned on for better gym user experience and comfort.

Edit: Friendly and courteous gym staff has contacted me, acknowledged the issue and will rectify it. Thank you for the prompt service recovery!
Keep it up the good work! Look forward to more machines too! ðŸ’¯ðŸ’ªðŸ»",a year ago,November 2024,ChdDSUhNMG9nS0VJQ0FnSURkNC0tYnBnRRAB
Anytime Fitness Jurong Summit,Crystal Leong,5,"Anytime Fitness Jurong Summit got to be one of the best Anytime Fitness outlets in Singapore.

Top notch equipment, clean environment and very helpful staff. This gym is very suitable for powerlifting as there are stiff samtek bars, sturdy platforms and they allow the usage of chalk.

Definitely worth a visit!",5 months ago,June 2025,ChRDSUhNMG9nS0VKX1c0OUNEZy1VNhAB
Anytime Fitness Jurong Summit,Chew Chee Siang,5,Probably the biggest AF gym Iâ€™ve seen. Good selection of equipment and good environment. I appreciate that the place is quite clean,5 months ago,June 2025,ChZDSUhNMG9nS0VJVHVwSlNadHVTTUZBEAE
Anytime Fitness Jurong Summit,Darren Chee,5,Really spacious gym with lots of equipment! some machines are unique and are rarely found in other AFs.,7 months ago,April 2025,ChdDSUhNMG9nS0VJQ0FnTUN3LWNuczVnRRAB
Anytime Fitness Jurong Summit,mr mast,1,"Iâ€™m extremely disappointed with the customer service. The staff were loud, unfriendly, and showed no basic courtesy like smiling or speaking politely. It felt like they didnâ€™t care at all about the customersâ€”maybe because it was the evening, but thatâ€™s no excuse. If I could give zero stars, I absolutely would. This level of service is unacceptable. I strongly urge you to provide proper training and improve your customer service standards immediately.",5 months ago,June 2025,ChdDSUhNMG9nS0VMeWhsY0RqZ3JieS1BRRAB
Anytime Fitness Jurong Summit,vigneshkrishnan k,5,"Hi AF  i am a fitness freak i love gym thats why i go gym every day i love your equipments also and one small request so many gym i workout but this gym we dont have preacher curl machine and triangle v bar rod and cable cross steel rope.kindly do the needful.other than that everything is good.

Thank You",4 months ago,July 2025,Ci9DQUlRQUNvZENodHljRjlvT2xnMFExTjFja2xWV2xWb1Z6SkxOMU53TmkxSU1VRRAB
Anytime Fitness Jurong Summit,Kev Thiha,5,"The only issue there is MUSIC. TOO LOUD and it becomes noisy. I wish more softer especially in non-staff hours.

Edited on 2024-12-14

Imagine you canâ€™t even listen your own music using your headphones due to damn loud music while AC is OFF which is 7:00 Am on Saturday,
and all cleaning sanitiser bottles were damaged and canâ€™t used it anymore.

So, rating set back to 2 instead of 5.

Edited on 2024-12-21

Visited again last week, fixed the feedbacks constantly. Please keep this momentum up. Love for the fast action.",Edited 10 months ago,January 2025,ChZDSUhNMG9nS0VJQ0FnSUNqaGVXT1lREAE
Anytime Fitness Jurong Summit,Mohkam Singh,4,Disappointed that one of the bigger AF branches in the west use Precor cardio machines ðŸ˜©. Switch to Lifetime Fitness please? Otherwise the gym is spacious and easy to workout at. â€¦,4 months ago,July 2025,Ci9DQUlRQUNvZENodHljRjlvT21aTGEzWlFNMUU1ZVZGdkxVSndNVGxqUVZKd1JsRRAB
Anytime Fitness Jurong Summit,Jian Yang Lee,5,"I joined this branch since their opening in December 2023. Giving my first google review to AF JTC, cheers! It's one of the best gyms in the west (Honorable mentions: AF D'Arena, AF Clementi, AF Jurong Point, and AF Bukit Batok CSC). West side, best side!

Reasons why you should join AF JTC:

1. **Powerlifter-friendly gym**: They have plenty of squat racks and deadlift platforms. So, powerlifters, y'all must be orgasm right now.

2. **Spacious environment**: With a 5,000 sq ft gym, you won't feel like you're clubbing when working out during peak hours. Some AF outlets are too small, making me feel like I was clubbing at Marquee or Zouk.

3. **Easy access**: It's just a 5-minute walk from Jurong East MRT and is sheltered. Furthermore, it is located opposite the bus interchange.

Hopefully, they will add some extra machine in the future!",a year ago,November 2024,ChZDSUhNMG9nS0VJQ0FnSURyLUlfYUxBEAE
Anytime Fitness Jurong Summit,Afiq Juan (Boyintheorchard),5,"1. Spacious with sufficient equipments and rack. Leg days here are amazing.
2. Rest area is only two chairs near the entrance but tbf, you ain't in the gym to rest.
3. There's also a community here that feels organic and pleasant so far.",7 months ago,April 2025,ChZDSUhNMG9nS0VJQ0FnTUN3MDhtQWVnEAE
Anytime Fitness Jurong Summit,yewhe yewhe,2,"In the beginning, everything was perfect, but that is no longer the case. The gym has become increasingly crowded, especially during peak hours. There aren't enough benches and machines available, forcing at least two to three people to share them at a time. The power rack is usually occupied by a small group of regulars as well. During these busy times, bags are scattered all over the floor, making it difficult to navigate. Additionally, the overall noise level has increased.
I've noticed that some familiar faces have switched to another location, likely for these same reasons.",7 months ago,April 2025,ChdDSUhNMG9nS0VJQ0FnTUN3X3J2NTNBRRAB
Anytime Fitness Jurong Summit,Craig D'Souza,5,"Very nice big open space and excellent equipment. One thing to expect though is a small space for showering. Other than that, very good experience",4 months ago,July 2025,Ci9DQUlRQUNvZENodHljRjlvT2xoalJqZ3dXWGxpTTFoVWVIbDBhVEpOVFZCRU1YYxAB
Anytime Fitness Jurong Summit,Willie Goh,5,Gym is big. The facilities are well equipped especially for those who do power lifting.,5 months ago,June 2025,ChdDSUhNMG9nS0VNWDFoNHo5dElPVXlRRRAB
Anytime Fitness Jurong Summit,Lucius Lee,5,"I had a fantastic experience at Anytime Fitness Jurong Summit. The gym is well-maintained and has a great variety of equipment to suit all fitness levels. The staff is friendly and always ready to help, creating a welcoming atmosphere. I love the 24/7 access, making it easy to fit workouts into my schedule. Overall, a great place to achieve fitness goals!

Would be even better if there were heavier dumbbells up to 60kg like AF City Hall branch",Edited a year ago,November 2024,ChdDSUhNMG9nS0VJQ0FnSURiemZ6aXZBRRAB
Anytime Fitness Jurong Summit,Colin Ho,5,"This gym is absolutely amazing! There is a wide vartiety of equipment here to choose from that are top-notch and well-maintained. The staff are incredibly friendly, helpful, and always willing to offer advice or assistance. I've been a member for a few months now and I've seen significant improvements in my fitness. Highly recommend!",a year ago,November 2024,ChZDSUhNMG9nS0VJQ0FnSUNYaTl6aklREAE
Anytime Fitness Jurong Summit,T Michael,5,"Great gym with great vibe and overflowing with energy. Very nice atmosphere, clean and new. Seem to be well maintained since opening. Hope the maintenance and clean feel will be kept going and not aged like the other gym. The crowd is massive too which can make waiting time a bit longer for workout during peak hours especially after work.",a year ago,November 2024,ChdDSUhNMG9nS0VJQ0FnSUN6bll6aDhRRRAB
Anytime Fitness Jurong Summit,L C,5,"clean gym, crowded but rightfully so as it's extremely well equipped! has basically everything you need; noteworthy equipment: pullover machine, t bar row, this funky plate loaded bench press, and more!",7 months ago,April 2025,ChdDSUhNMG9nS0VJQ0FnTUN3amNpYzBBRRAB
Anytime Fitness Jurong Summit,Jia Hong Liew,5,"Great workout place with varieties of cardio (treadmills, row and ski erg) and pin loaded machines. Also with huge free weights area and platform suitable for power lifting.",7 months ago,April 2025,ChZDSUhNMG9nS0VJQ0FnTUR3dk1QYVdBEAE
Anytime Fitness Jurong Summit,Michelle L,1,"the gym itself is great! nice environment, super convenient location in an office building, and the toilets are newly renovated and actually smell good.

but the music???? its a dealbreaker. how am i supposed to work out with heavy metal blasting and people screaming in my ears? after a long day at work, i just want to unwind and get a good workout in, but the music makes that totally impossible.

the moment i got settled and ready to work out, i immediately felt like leaving. ive seen other reviews complaining about the same thing, so I really hope the management listens and switches to something less intense.

no oneâ€™s trying to have their eardrums blown out while lifting weights!",10 months ago,January 2025,ChdDSUhNMG9nS0VJQ0FnSUR2eHVuZXNRRRAB
Anytime Fitness Jurong Summit,Wei Yongji,5,"really solid and spacious gym! lots of racks, benches and weights. Plus friendly club manager & staff ðŸ’ª â€¦",a year ago,November 2024,ChZDSUhNMG9nS0VJQ0FnSURWbjYtc2RREAE
Anytime Fitness Jurong Summit,ZH,2,"Good equipment and convenient location.

It is a base for a group of powerlifters. While I understand and respect that many treat this gym as their training base, it is ultimately a commercial gym that should be welcoming to all users. Itâ€™s very unpleasant when some powerlifters treat it like their personal gym,  hogging equipment and exhibiting rude and xenophobic behaviour towards others in the space. A respectful and inclusive environment is essential for everyone to feel comfortable and motivated while exercising.

Communication and respect should be paramount to ensure that everyone can enjoy their workout without feeling unwelcome.",a year ago,November 2024,ChZDSUhNMG9nS0VJQ0FnSURYZ082TllnEAE
Anytime Fitness Jurong Summit,lilihappyfeet,5,"Spacious gym with ample equipment - plenty of machines and squat racks available. Clean and well-maintained facilities. One of the best Anytime Fitness locations I've visited. Highly recommended!

Pros: Spacious, well-equipped, clean, plenty of squat racks
Cons: It's JURONG lol, and very hard to find parking >.<

Will definitely be back!",a year ago,November 2024,ChZDSUhNMG9nS0VJQ0FnSUNYZ1p6LVBBEAE
Anytime Fitness Jurong Summit,Geoff Lim,5,"Actually found this AF through a friend. First impression was that the gym is super big and spacious. Staffs are super friendly as well , you can joke around with them one.
Moreover , they frequently ask for us consumers on what machines we want to see in the gym and they actually add them in.
They also frequently have challenges in the gym where you can win concert tix , get 1month free etcetc
Lastly, they also frequently clean the equipments as well as put them back in place which is something i dont see very often with other AF",a year ago,November 2024,ChZDSUhNMG9nS0VJQ0FnSUNYNzl1Z1ZBEAE
Anytime Fitness Jurong Summit,Eka Nursyasya,5,Really spacious gym with a lot of equipments! Clean environment and staff is also friendly. Gotta love their playlists!,7 months ago,April 2025,ChZDSUhNMG9nS0VJQ0FnTUR3ckpfZ09nEAE
Anytime Fitness Jurong Summit,liyen marianne,1,Gym stated 24hrs but door locked during PH?,6 months ago,May 2025,ChZDSUhNMG9nS0VKR2VnN0Q3amNyb2FREAE
Anytime Fitness Jurong Summit,Darius,5,spacious gym not alot of people so dont need scared ppl hog the machines anyways there are plenty of machines there! so do come over have funðŸ˜ƒ â€¦,a year ago,November 2024,ChZDSUhNMG9nS0VJQ0FnSUNOaDhfV1FREAE
Anytime Fitness Jurong Summit,Linus Lee,5,"Anytime Fitness JTC Summit offers a fairly good range of equipment, making it a solid choice for fitness enthusiasts. However, the cardio section could benefit from a Precor stairclimber, and the weightlifting area would be enhanced with 1â€“2 additional benches. More disinfectant wipes would also improve hygiene practices. Members should be mindful of gym etiquette, particularly avoiding extended use of the squat cages to ensure fair access. Despite these minor areas for improvement, the gym provides a clean, well-maintained space with versatile options for various workouts. Overall, a 5-star facility with room to grow even better.",9 months ago,February 2025,ChdDSUhNMG9nS0VJQ0FnSUNfX3VyeG13RRAB
Anytime Fitness Jurong Summit,Lee ZHI YONG,5,"Pros:
- Great Equipments
- Large Gym
- Friendly and great management

Cons:
- Can get really crowded during peak hours

Overall, this is one of the better AF branches that i had been to. Definitely worth a visit if you are in the west.

It would be perfect if there are more attachments for tricep pushdown!",a year ago,November 2024,ChZDSUhNMG9nS0VJQ0FnSUNuNmM3bktBEAE
Anytime Fitness Jurong Summit,Reuben Huang,5,"Absolutely amazing experience with incredible and friendly staff! I lost my AirPods at the gym, reached out to them, and they were able to locate and return them to me. 10/10 service. Thank you, Jurong Summit AF!",8 months ago,March 2025,ChdDSUhNMG9nS0VJQ0FnTUNRanV1SzhRRRAB
Anytime Fitness Jurong Summit,Ho Xiao Ying,5,"Nice gym, with great atmosphere and staffs. Certain equipments are really unique and cannot be found in other AFs. Extremely convenient for people working/studying in the west",9 months ago,February 2025,ChZDSUhNMG9nS0VJQ0FnSURfd09QVVl3EAE
Anytime Fitness Jurong Summit,V Lim,5,"One of the largest and better equipped gym. Park at basement snd take lift straight to gym. First time i see a weight machine for squats. However it does not have a single bicep or triceps machine. Do your arms with barbells, dumbbells and cable.",11 months ago,December 2024,ChZDSUhNMG9nS0VJQ0FnSUN2d0xTb1RBEAE
Anytime Fitness Jurong Summit,Matthew Tse,5,Facilities are well maintained! Staff are open to feedback and actively updating the gym to fit the members' needs! So far the best AF in the region and in SG!,9 months ago,February 2025,ChZDSUhNMG9nS0VJQ0FnTUNBMl95bkdBEAE
Anytime Fitness Jurong Summit,Michael Chang,5,"New, clean and spacious gym in Jurong East.
I like the fact that the gym has many power racks. Ample cardio machines, and other equipment. My personal favorites are the low row machine, and the plate-loaded flat bench near the dumbbell racks area.

Things to improve in my opinion:
1) Gym has many more spaces to fit in more equipment. Probably they can bring in hack squat machine, hip thrust machine, lateral raise machine perhaps?
2) Men's toilet needs to be maintained better as the cubicle and urinals are always stinky. (I am not sure about the ladies restroom). Setting up some dedicated changing rooms will be great as well.
3) The A/C in the gym are always inconsistent, some days are cold, some days it is just warm and stuffy (encountered a few times of my visits during peak hours, 5pm - 7.30pm).

Other than that, in general, I think this is a pretty decent gym :)",a year ago,November 2024,ChZDSUhNMG9nS0VJQ0FnSUQ5OGVTd1hREAE
Anytime Fitness Jurong Summit,William Tay,5,"It's a big and spacious gym with modern equipment, machines,  free weights and an area for warming/stretching. It's barely a month old so the equipment are obviously new and working well. Down the road, I hope the management can properly maintain all the equipment,  machines and others in order than members can continue to enjoy using them.",a year ago,November 2024,ChZDSUhNMG9nS0VJQ0FnSUQxNmNDWEJnEAE
Anytime Fitness Jurong Summit,Thapelo M,5,"This is a nice AF branch, located at a convenient spot! The gym has a fresh feel to it and its very spacious with the right equipments.. i hope it stays like that for a long time.

I had the opportunity to do a session with the PT Kemar. He has a way of making one feel comfortable in that environment. I liked the fact that he was able to motivate me and push me past my limits. He is knowledgeable and was able to share some good tips on how to target the muscles in the most effective way. He also gives special attention to detail and makes sure the form stays correct while performing the exercise.
ðŸ”¥ðŸ’¯",a year ago,November 2024,ChdDSUhNMG9nS0VJQ0FnSUMxXzVqOS1RRRAB
Anytime Fitness Jurong Summit,Obatay Peter Paul,5,"INCREDIBLE GYM...good for beginners to elite lifters, every you need and want they have it ðŸ«¡ â€¦",a year ago,November 2024,ChZDSUhNMG9nS0VJQ0FnSUMxal9QREVBEAE
Anytime Fitness Jurong Summit,Alexian Lee,5,"This is one solid gym. It's packed with free weights and machines while being spacious. Never had issues navigating awkwardly.

Quite unlike other gyms which are saturated with cardio machines, this one's a real gangster with what I think is the right mix. No wonder almost everyone here is toned.

Also heard from the staff that the gym would be bringing in new equipment, which is exciting. Shows that it's actively improving.

Never expected that a gym could be so clean too. I have a sensitive nose, and couldn't pick up the usual odd gym-ish scent throughout my time working out.

Gym staff is chill yet professional too. Juenie was the one who helped explain processes and gave the gym tour to me.",a year ago,November 2024,ChZDSUhNMG9nS0VJQ0FnSUNiMG8tRE53EAE
Anytime Fitness Jurong Summit,Lin Xing,5,"Have to give a 5 star to this gym.
The gym location is convenient. The staff is professional and willing to give advice.
Am visiting gym everyday, the place is always clean, the weights are always nicely sorted.
The gym is very spacious to allow you to do any form of warm up and stretch.",a year ago,November 2024,ChZDSUhNMG9nS0VJQ0FnSUQxcWNfZk9REAE
Anytime Fitness Jurong Summit,Mathan Hari,5,I work at Westgate and I come to your branch 2 times a week. The gym is very beautiful. So many things can be trained in your gym. I like it a lot.. one of the best in Singapore.,a year ago,November 2024,ChdDSUhNMG9nS0VJQ0FnSURYOGZPRnJnRRAB
Anytime Fitness Jurong Summit,Benedict Tan,5,"Excellent gym, can see why it has so many good reviews on Google. Well maintained equipment and facilities. Gym staff are also very approachable and respectable.",a year ago,November 2024,ChZDSUhNMG9nS0VJQ0FnSURYcWJ5Wkl3EAE
Anytime Fitness Jurong Summit,Ocelot,5,"One of the best gyms I've been too period. Each and every one of their staff are very polite and helpful. The environment is very cozy and the equipment is well maintained and works well.

Definitely recommend this particular branch over the others.",a year ago,November 2024,ChdDSUhNMG9nS0VJQ0FnSUQ5NTh5MmlnRRAB
Anytime Fitness Jurong Summit,Ashton Heng,5,"The gym is very clean and convenient (5 minutes walk from Jurong East MRT),  the equipments are also new and good. However, it may get crowded at times so it is better to go at off peak times.

One suggestion is that the gym lighting is too bright at times, and it would be better if the ambience was darker, or if the lights were of a different colour.",a year ago,November 2024,ChdDSUhNMG9nS0VJQ0FnSUNIcTZuZDF3RRAB
Anytime Fitness Jurong Summit,Samantha Rosado,5,nice gym for leg day!! I like how thereâ€™s a lot of space and staff is kind!,4 months ago,July 2025,Ci9DQUlRQUNvZENodHljRjlvT2paVlNUQjBXRE5pVUU1eU4zbElORFUyWjE5RVlsRRAB
Anytime Fitness Jurong Summit,Jia Hui Lim,5,"This gym has been nothing short of amazing!
When you enter the gym, you'll be greeted by polite and amicable staff.
Plenty of cardio and strength training equipment available, including an open area for you to do warm-ups or your own exercises. Classes are conducted at the open area.
I love how they have equipment not commonly found in other outlets, such as Glute Coaster, Total Glutes (great for ladies), T-bar row machine, Ski machine and more!
The equipment and facilities are well-maintained. It'll be better if they offer the wet tissues dispenser that I see at some outlets, so that we can wipe our hands and equipment. I find there are too little bottles of sanitizer.
The washroom is clean, reasonably spacious and equipped with necessities (shower gel and hair dryer). The female washroom has two toilet cubicles and three shower cubicles. I'd recommend having more hangers installed in shower cubicles for our clothing.
Plenty of shelves and lockers are available, but the area is a little congested as they added one more shelf (understand it's necessary with more members visiting the gym). That area is too small to fit benches sadly.
Last but not the least, I had a good experience going through the PT trial with Kemar! Never expected to perspire so much in one hour, he really pushed me to my limits and taught me the correct form.
Variety of equipment: â­â­â­â­â­
Staff: â­â­â­â­â­
Cleanliness: â­â­â­â­
Facilities: â­â­â­â­
Vibes: â­â­â­â­â­
Accessibility: â­â­â­â­â­",a year ago,November 2024,ChZDSUhNMG9nS0VJQ0FnSUM3N0ltTVdBEAE
Anytime Fitness Jurong Summit,Ang Chun Xiang,5,Clean place with good amenities! Recommend to all to try out at least once <3,2 months ago,September 2025,Ci9DQUlRQUNvZENodHljRjlvT21veFZYTkpRMDF2T1dGMVoyeHljVmsyY0ROT05uYxAB
Anytime Fitness Jurong Summit,Sean Ong,5,"New to AF and worth the money paid. Equipments are high quality and well maintained, staff manning the gym are friendly and reachable, shower/changing/wash room are clean and hygienic, overall vibe is awesome! Please add more shoulder machines!",a year ago,November 2024,ChZDSUhNMG9nS0VJQ0FnSUQxamRXTmZREAE
Anytime Fitness Jurong Summit,Kenny 95,3,"Nice place to gym with, spacious and good environment....

But there is some space for improvement on hygiene (lack  of sanitiser and changing of new wiping cloth). Some wiping cloth have a stinky smell.

Lastly, I hope that the gym will add in some machines that exist in other AF branches.",a year ago,November 2024,ChZDSUhNMG9nS0VJQ0FnSURMbTUzcmJREAE
Anytime Fitness Jurong Summit,Haqqul Azmi,5,"Honest Review:

Gym is massive.
Toilet has both male and female toilets.
Everything in this gym is clean.
Have all necessary equipment and additionally ones that i have never seen before but are really good.
Music is on point so credit to the playlist maker.
Go to Jurong gym

Only comment is google maps doesnt show where the carpark entrance is. Must enter from Venture Drive",a year ago,November 2024,ChdDSUhNMG9nS0VJQ0FnSUMzcXRqZDFBRRAB
Anytime Fitness Jurong Summit,Ricardo Wong,5,"One of the nicest anytime fitness in the west, very spacious and has lots of equipment.",a year ago,November 2024,ChZDSUhNMG9nS0VJQ0FnSUMxd0l5UmNnEAE
Anytime Fitness Jurong Summit,Tidus T,5,"Hardly finding an AF gym, which is large and wide. A lot of squat machine racks, deadlift platforms, and other standard equipment. Just the dumbell area maybe can be further enhanced with more benches and weights. 1 set probably not enough during the peak hours.",a year ago,November 2024,ChZDSUhNMG9nS0VJQ0FnSUNYbHZqREtnEAE
Anytime Fitness Jurong Summit,James Wong,4,"Big, spacious in a non-commercial building space. New and good equipment. Maybe I havenâ€™t been to a gym for a while but the few times I was here they play loud band metallic music with loud noise and screaming the entire time. That is the only let down for me when I donâ€™t bring my noise cancelling headphones. How does anyone workout in peace? I thought more rhythmic music was the more common type but I maybe outdated. Other than the background music itâ€™s a nice place when not crowded.",a year ago,November 2024,ChZDSUhNMG9nS0VJQ0FnSUNEXzhHd2NBEAE
Anytime Fitness Jurong Summit,Stephanie Tay,5,"Gym is very big and spacious and a variety of equipment. Thereâ€™s also sufficient floor mat space. Staff here are very friendly esp Kemar, who is always very helpful.  The whole AF team is also very friendly and takes the effort to remember and chat with you. Love it!",a year ago,November 2024,ChZDSUhNMG9nS0VJQ0FnSUMxcDdyYVF3EAE
Anytime Fitness Jurong Summit,chun shu juan,5,"Iâ€™m impressed with this new gym - spacious and clean facilities and the welcoming atmosphere which make it a great place to work out. The staffs are friendly and knowledgeable, creating a positive overall experience.

I have just began training with Kemar whom is not only professional and motivating, making each session an enjoyable one. Hope the personalised workout plan and meal will be able to help me achieve my fitness goal.",a year ago,November 2024,ChZDSUhNMG9nS0VJQ0FnSUQxdWVYbGV3EAE
Anytime Fitness Jurong Summit,Adrian Cortez,5,"I recently joined Anytime Fitness, and my experience has been fantastic. Cember, the manager, is incredibly attentive and supportive. His dedication to creating a welcoming environment is evident, making my fitness journey enjoyable. The gymâ€™s accessibility and well-maintained equipment further enhance the overall positive experience. Highly recommend!!",a year ago,November 2024,ChdDSUhNMG9nS0VJQ0FnSUROM2RyMGdBRRAB
Anytime Fitness Jurong Summit,Eugene yeo,5,"Great gym to visit! If youâ€™re a powerlifter and staying around the west area, this is a gym you would definitely like to visit.

Do visit in the afternoon to avoid the crowd. Lastly, Staff were friendly too.",a year ago,November 2024,ChdDSUhNMG9nS0VJQ0FnSUNYMmF5RV9RRRAB
Anytime Fitness Jurong Summit,Jesse Pinkman,5,jurong summit anytime fitness is the best anytime fitness gym and has the friendliest staff ever. rate this gym 11/10. must recommend for powerlifters and new gym goers.,8 months ago,March 2025,ChdDSUhNMG9nS0VJQ0FnTURncGJIVHRBRRAB
Anytime Fitness Jurong Summit,Azrin Putra,5,Spacious and well equipped. 6 racks and two deadlift platforms. What more do you need. Toilets are big and clean. There is a nice warmup area and staff are friendly. A gym that Jurong East deserves.,a year ago,November 2024,ChdDSUhNMG9nS0VJQ0FnSUMxazlmNTRBRRAB
Anytime Fitness Jurong Summit,shaun,5,"Great gym with big space and equipments.
Good environment and space to walk and not bump into people. Accessible for the west side as itâ€™s near the mrt.",a year ago,November 2024,ChdDSUhNMG9nS0VJQ0FnSURYbXBySGlBRRAB
Anytime Fitness Jurong Summit,G,5,"Nice gym! Ambience is really nice and was served by a very welcoming and knowledgeable staff, his name is Carrey. Iâ€™m impressed by his professionalism alongside his ability to answer any of my questions! All in all, the best place to gym at:)",a year ago,November 2024,ChZDSUhNMG9nS0VJQ0FnSUNOX2VteE13EAE
Anytime Fitness Jurong Summit,nicole lo,4,"The gym is well located (near to Jurong East Mrt) and has a range of facilities to use, bonus points for foam rollers!
Only 2 feedbacks I have is to maintain the cleanliness of the female toilet (second cubicle is always choked and sink has hair which could possibly clog it up), showers are nice and clean & secondly, maybe place a bench in the toilet for us to put on shoes, etc? Hope this can help improve the gym further! :-)",a year ago,November 2024,ChZDSUhNMG9nS0VJQ0FnSURkNU16dERREAE
Anytime Fitness Jurong Summit,Jazry C,5,"new gym new equipment so everything looks good. wide range of equipment, but im sure the owner(s) will bring more in when the membership numbers increases. the free space (floor mats) could be cleaner though. probably dirty after the morning crowd is over. could be better with more sanitizing bottles. they kind of grew lesser as the days goes by. music was at times too loud, even my own earbuds couldnt filter out the bg music so i gave up. other than that everything has been good.
(edit): MOST importantly the owners/staff has been polite and helpful. please keep it this way & thank you for creating a pleasant experience to customers! (cue to the reviews in the other AF in the vicinity.....)",a year ago,November 2024,ChdDSUhNMG9nS0VJQ0FnSUR0eTdiT2dBRRAB
Anytime Fitness Jurong Summit,Vaughn Abdul,5,"Was visiting Singapore on business and needed to keep up with my workout schedule. After a long search I found Anytime Fitness and they surely did not disappoint. I felt right at home here and I had the pleasure of having one of, if not the best trainers work with me. Kemar was very professional and understood my needs as a client, and was surprisingly well versed in nutrition as well. Now that I am back in the US all my workouts feel inadequate in comparison. 10/10 would recommend.",a year ago,November 2024,ChZDSUhNMG9nS0VJQ0FnSUQxOUt5N0tnEAE
Anytime Fitness Jurong Summit,Alnora Manliguez,5,"Very Welcoming place!  This place will make you feel ""VIP"".  It's spacious,  has a modern equipment, clean and well maintained. Staff are friendly, supportive and professional.
Cember is very passionate on his work and exceptionally knowledgeable. Overall the vibe is GREAT!!!",a year ago,November 2024,ChdDSUhNMG9nS0VJQ0FnSUNOMTlLT3VRRRAB
Anytime Fitness Jurong Summit,Norris Yeo (NXcore),5,Unlike the other gym in Jurong East which is terrible. This outlet is really neat and well maintained. No weight plates or dumbbells lying around. The gym staff also goes around rearranging the plates on the racks so that the weights are all the same.,a year ago,November 2024,ChZDSUhNMG9nS0VJQ0FnSUQ5d0xtRlJBEAE
Anytime Fitness Jurong Summit,Darren Ho,5,"Newly opened gym at Jurong East, short walk from mrt. Very spacious with 6 racks and 2 deadlift platforms. Many machines as well and the place is well ventilated. Club manager is friendly as well. Will be my go to gym in the west.",a year ago,November 2024,ChZDSUhNMG9nS0VJQ0FnSURWbi1fTk9nEAE
Anytime Fitness Jurong Summit,Christopher Neo,5,"Solid spacious gym to train at with a wide variety of equipment!
Super clean and well maintained.
Not to mention the friendly staff over there as well!",a year ago,November 2024,ChZDSUhNMG9nS0VJQ0FnSUNOazZmdVVREAE
Anytime Fitness Jurong Summit,Lea Hsi,5,"well maintained + plenty of equipment with friendly and helpful staff + coaches. lots of breathing space and generally quite comfortable, although sometimes central aircon is a little whacky.",a year ago,November 2024,ChdDSUhNMG9nS0VJQ0FnSUQ3MGNmVnNRRRAB
Anytime Fitness Jurong Summit,Jasmine Salguet,5,Spacious gym with good variety of equipment! Super friendly staff and trainer who willingly taught us how to use a machine we were struggling with. Had a great workout and will be back ðŸ’¯ â€¦,a year ago,November 2024,ChdDSUhNMG9nS0VJQ0FnSUQxMU4zaXlBRRAB
Anytime Fitness Jurong Summit,Rowena Yap,4,"Pros:
â€¢spacious
â€¢wide range of equipment
â€¢gym is clean

Cons:
â€¢no hip thrust machine

â€¢shower cubicles are small compared to some other outlets which have a separate dry area within the cubicle with stools to put your bags. Thereâ€™s not much space in general in the female toilet to put our stuff (only hooks inside and outside the cubicles for hanging). The countertop is always wet for some reason so itâ€™s kinda gross to put your pouches there. They did recently add a better hairdryer (much appreciated!) but thereâ€™s no stand/holder for it so you gotta leave it on the wet countertopâ€¦

â€¢no lounge area

â€¢the after work crowd didnâ€™t use to be so bad when they first opened but recently itâ€™s just way too crowded:( will def need to wait/share equipment with others.

Overall the gym is still really nice and will recommend to come during non peak hours.",a year ago,November 2024,ChdDSUhNMG9nS0VJQ0FnSUM5MnJIVXJRRRAB
Anytime Fitness Jurong Summit,Marko Radonjic,5,Gym is amazing. Huge and have a lot of equipment. I can say easily can compare with previous Gym boxx that was in J Cube. Recommended to all who are seeking gym that working 24/7,Edited a year ago,November 2024,ChdDSUhNMG9nS0VJQ0FnSUNqNXB5MGlRRRAB
Anytime Fitness Jurong Summit,Bryan Lim,5,"Clean and neat gym with plenty of great facilities. Staffs are kind, helpful and friendly. Especially Koji who once offered to spot me for squats when there was nobody around and he also patiently guided me on how to use the hip thrust machine ðŸ˜€ â€¦",a year ago,November 2024,ChZDSUhNMG9nS0VJQ0FnSUMxODVtOE9REAE
Anytime Fitness Jurong Summit,Ahmad Ayripin,5,"Beautiful gym with 10/10 condition. Spacious. Enough machines, racks and weights. Definitely a go to ðŸ‘ðŸ» â€¦",a year ago,November 2024,ChdDSUhNMG9nS0VJQ0FnSUNYZ2N6WXlRRRAB
Anytime Fitness Jurong Summit,Ryan Tan,5,The staff here are very friendly and welcoming. The range of gym equipment is pretty good and the quality of the equipment is top tier ðŸ‘ The workout environment is good as well as the layout is not cramped. â€¦,a year ago,November 2024,ChZDSUhNMG9nS0VJQ0FnSUMxcjdDb0FREAE
Anytime Fitness Jurong Summit,Nathan Ng,5,"Massive gym, clean, and great music. This gym's clearly geared towards SBD but there are still sufficient machines & cables for your accessories.",a year ago,November 2024,ChdDSUhNMG9nS0VJQ0FnSUNYMXUtcjd3RRAB
Anytime Fitness Jurong Summit,lim suyi (Celine),5,"Super spacious and clean. Great vibes for getting a good workout. Wide range of equipments and many racks! Cember , one of the staff, was super friendly and approachable! Helped me with a bunch of questions I had, very patient :)",a year ago,November 2024,ChdDSUhNMG9nS0VJQ0FnSUMxMC1UQzZRRRAB
Anytime Fitness Jurong Summit,K Daron,5,"Great gym with welcoming staff. Fully sheltered from JE MRT. The gym is fully mirrored with a large mirror spanning across the free weights area.

6 power racks and 2 deadlift platforms
Mainly precor machines, jungle set and one cable set. Standard machines are available such as machine flys, leg extension, leg curl etc

Theyâ€™re equipped with a special set of machine thats specifically for legs near the staff counter (not sure what brand)

Itâ€™s missing a preacher curl machine in the gym but the staff mentioned they are bringing in a barbell preacher set. However, a machine preacher would be preferred.

The gym is very clean with immaculate lighting and mirrors.

Overall, sufficiently equipped for powerlifting and bodybuilding. Would recommend",a year ago,November 2024,ChZDSUhNMG9nS0VJQ0FnSUNOeDZ5dlF3EAE
Anytime Fitness Jurong Summit,Lim You Wei,5,"Spacious and well maintained gym.
Staffs are friendly and responsive too.
Really is best in the west :D",11 months ago,December 2024,ChdDSUhNMG9nS0VJQ0FnSUNQZzRfZW1RRRAB
Anytime Fitness Jurong Summit,edahSu,5,"nice gym, friendly staff, amazing equipment",5 months ago,June 2025,ChdDSUhNMG9nS0VQdm0tYlQ2eV9tODFnRRAB
Anytime Fitness Jurong Summit,Irfan Shah,5,"Really big and spacious gym, tons of powerbars for me to utilize and the range of equipment is vast such as the plate loaded flat machine chest press which is quite rare. Overall experience is a 9/10",a year ago,November 2024,ChdDSUhNMG9nS0VJQ0FnSUROM1pTTjJ3RRAB
Anytime Fitness Jurong Summit,N T,5,"Spacious, bright and clean space! Sufficient barbells, racks, weights and machines for both casual and more serious gym-goers.

Quality of equipment is great as well!",a year ago,November 2024,ChZDSUhNMG9nS0VJQ0FnSUNOeDRqVVFBEAE
Anytime Fitness Jurong Summit,Joel Leong,5,Probably the best equipped AF in the west side with a large variety of plate loaded machines to hit every muscle group! Had a great experience working out there!,a year ago,November 2024,ChdDSUhNMG9nS0VJQ0FnSURYaE43bHl3RRAB
Anytime Fitness Jurong Summit,Yuki Chang,5,I mentioned to e Staff tat there was no foam rollers n e following Week he bought new foam rollersâ€¦. Then I mentioned would b nice if e Girls toilet have benches to put thingsâ€¦ so that donâ€™t Need to put on e floorâ€¦ and e Next Week he told me he has placed 2 benches inside the toiletâ€¦ now I can change my shoes and put my things comfortablyâ€¦ thank you 4 listening to feedbackâ€¦ appreciate ur hard workâ€¦,a year ago,November 2024,ChZDSUhNMG9nS0VJQ0FnSUQ5M055U1pREAE
Anytime Fitness Jurong Summit,Ameerul Basheer,5,Spacious gym with many equipment. Can be quite crowded during peak hours so Iâ€™d avoid those times. Major plus point is food court just outside.,a year ago,November 2024,ChdDSUhNMG9nS0VJQ0FnSUNYZ2ViXzdBRRAB
Anytime Fitness Jurong Summit,Ameerul Basheer,5,Clean and spacious interior with newly updated machines! Friendly and understanding staff. Locker area is a tad cramped but not an issue for me. Will recommend for those working around the area.,a year ago,November 2024,ChZDSUhNMG9nS0VJQ0FnSUQxLUxTbFJBEAE
Anytime Fitness Jurong Summit,Rahim Hassan,5,"Excellent gym to work out at. Staff were very friendly and showed how to use the body scale. Best part of all, it's free!!",a year ago,November 2024,ChdDSUhNMG9nS0VJQ0FnSUNuajYzSXJ3RRAB
Anytime Fitness Jurong Summit,Eric Tan,1,A lot of hogging equipment take video self entitlement especially the powerlifter most worst place for workout.,Edited 4 months ago,July 2025,ChdDSUhNMG9nS0VJQ0FnTURnOWN5YTRRRRAB
Anytime Fitness Jurong Summit,Bernadette Chua,5,Very spacious and well-maintained gym with lots of new equipments. Great service and friendly staff members who were kind enough to show me around the gym :),a year ago,November 2024,ChdDSUhNMG9nS0VJQ0FnSUROcGVPVl9RRRAB
Anytime Fitness Jurong Summit,Abirami Selvaraj,5,"Great gym, equipment is new and well-maintained and staff is very friendly!",7 months ago,April 2025,ChZDSUhNMG9nS0VJQ0FnTUN3ODhLckpBEAE
Anytime Fitness Jurong Summit,ning,5,"the gym is very spacious, with plenty of power racks and power bars, which makes it a good option for powerlifters looking for solid comp spec equipment to train with. would definitely visit this gym again :)",a year ago,November 2024,ChZDSUhNMG9nS0VJQ0FnSUROc0xuak5BEAE
Anytime Fitness Jurong Summit,weny,5,"Shania was an awesome PT who guided me along my trial and shared valuable insights. As someone who has went to other gyms before and went through a few PTs, I feel that Shania does a good job in helping me through with my goals for the workout of the day.",a year ago,November 2024,ChZDSUhNMG9nS0VJQ0FnSUQ3aXBtZ09REAE
Anytime Fitness Jurong Summit,Jolyn Soo,4,Gym was spacious and equipments were well maintained! Will definitely visit again,7 months ago,April 2025,ChdDSUhNMG9nS0VJQ0FnTUR3MjhQWjJRRRAB
Anytime Fitness Jurong Summit,Khairulanwar bin azmi,5,Very big AF outlet with plenty of machines and racks for strength training. Only thing to look out for is the crowd during peak period is very busu,7 months ago,April 2025,ChdDSUhNMG9nS0VJQ0FnTUN3cGVhMTBnRRAB
Anytime Fitness Jurong Summit,Dujon Sharpe,5,"Kemar really know his thing. I had a great workout and feel like I got the best from Kemar. The gym was clean and presentable, I had no issue using the equipment and relevant weights. Kemar was very helpful with me getting situated. Hight recommended this gym and Kemar as your trainer.",a year ago,November 2024,ChdDSUhNMG9nS0VJQ0FnSUQxcUpTc3BnRRAB
Anytime Fitness Jurong Summit,garfield ming,5,"I highly recommend the gym with Kemar as a trainer. Kemar's expertise, motivation, and personalized approach made my fitness journey incredibly enjoyable and effective. The facilities are well-maintained, and the positive atmosphere created by Kemar and the staff enhances the overall experience. Great place for achieving fitness goals!",a year ago,November 2024,ChdDSUhNMG9nS0VJQ0FnSUQxeUlfWG93RRAB
Anytime Fitness Jurong Summit,farhan taib,5,"I enjoy AF Jurong summit gym environment. Wide variety of equipment and very spacious. The employees here named Kemar, cember and carrey are friendly and very outgoing. Would definitely come back here very often",Edited a year ago,November 2024,ChZDSUhNMG9nS0VJQ0FnSUMxejdxQk93EAE
Anytime Fitness Jurong Summit,Zen Nismo21,5,Very clean and spacious gym. A lot of new equipments. Ranging from isolated equipments to multi functional ones. Great staff and nice atmosphere!,a year ago,November 2024,ChdDSUhNMG9nS0VJQ0FnSURWbjVyQl93RRAB
Anytime Fitness Jurong Summit,George Leong,5,Visited this spanking new AF gym today.  It is at a very convenient location a stone's throw from Jurong East MRT station. The layout was spacious and very well equipped with all thats needed for a great workout.,a year ago,November 2024,ChZDSUhNMG9nS0VJQ0FnSUMxb0pPelpREAE
Anytime Fitness Jurong Summit,Jorryn Lee,5,really great AF location as a first time gym goer. the staff are all really nice and space is big with all the equipment you need for a good workout,a year ago,November 2024,ChZDSUhNMG9nS0VJQ0FnSUQxalpmdkxnEAE
Anytime Fitness Jurong Summit,Hermen Teo,5,"The gym is clean, staff is friendly and the variety of machines in the gym is adequate for anyday! Been visiting often and its easily accessible from the bus interchange ðŸ˜ŽðŸ‘ðŸ» â€¦",a year ago,November 2024,ChZDSUhNMG9nS0VJQ0FnSURiemI2U1lBEAE
Anytime Fitness Jurong Summit,Kaylene love,5,"Thank you for the sweaty workout for the past year! High quality equipments, music and atmosphere. Nothing beats the AF experience! ðŸ¦¾ â€¦",8 months ago,March 2025,ChdDSUhNMG9nS0VJQ0FnTUNnenF2ZW93RRAB
Anytime Fitness Jurong Summit,Belle Tey,5,plenty of equipment and some rare machines too ~ well maintained and relatively new! very spacious,7 months ago,April 2025,ChdDSUhNMG9nS0VJQ0FnTUN3amVEODlBRRAB
Anytime Fitness Jurong Summit,Ao Yang,5,Very well planned out and organized gym. Has all the equipment one would need,7 months ago,April 2025,ChdDSUhNMG9nS0VJQ0FnTUN3MWVEMGpBRRAB
Anytime Fitness Jurong Summit,Cynthia F,5,"Staff was friendly and the space was well maintained. Spacious with lots of equipment like skierg, pull up machine, glute drive machine. Would visit again",a year ago,November 2024,ChZDSUhNMG9nS0VJQ0FnSUNIc05XV1l3EAE
Anytime Fitness Jurong Summit,joe curry,5,"One of the best AF gym in sg. Very spacious and the staff are friendly espically koji. it Is all sheltered all the way from MRT station, really convenient and accessible regardless rain or shine.",a year ago,November 2024,ChZDSUhNMG9nS0VJQ0FnSUMxay1md2JBEAE
Anytime Fitness Jurong Summit,V Qiwei,5,"one of my fav playground! lots of interesting machines, friendly gym staffs, love the vibe and will be back again <3",a year ago,November 2024,ChZDSUhNMG9nS0VJQ0FnSUNYd2JEcFhnEAE
Anytime Fitness Jurong Summit,Haziq Isyam,5,the vibes of the gym is really good especially for younger people.,5 months ago,June 2025,Ci9DQUlRQUNvZENodHljRjlvT21acFEyNDVURVI1ZVdKT1dXZGxWak5UUlZaV2VVRRAB
Anytime Fitness Jurong Summit,Wade Castro,5,"AFJTC is easily the highest quality anytime fitness in singapore! filled with an array of top tier powerlifting equipment and general machines, it ticks all the boxes of a great gym with its aesthetic interior too",a year ago,November 2024,ChZDSUhNMG9nS0VJQ0FnSUMxay1mMktREAE
Anytime Fitness Jurong Summit,Darryn Tan,4,"The gym is great, but i think we really need a better hair dryer in the toilet and will definitely need more than one, especially during the morning peak.",a year ago,November 2024,ChdDSUhNMG9nS0VJQ0FnSUQxeV9pWnhRRRAB
Anytime Fitness Jurong Summit,Bryan Choo,5,Very good gym! Friendly staff and amazing facilities!,7 months ago,April 2025,ChdDSUhNMG9nS0VJQ0FnTUN3allQTDZBRRAB
Anytime Fitness Jurong Summit,Rachel Ang,5,gym is very spacious. many new equipment. good facilities! staff are super friendly,a year ago,November 2024,ChdDSUhNMG9nS0VJQ0FnSUMxMDR6WTd3RRAB
Anytime Fitness Jurong Summit,Jerome Tan,5,Very spacious gym with plenty of equipment. Gym looks very clean as well. Greatly enjoyed my workout.,a year ago,November 2024,ChZDSUhNMG9nS0VJQ0FnSUMxMDZXbklREAE
Anytime Fitness Jurong Summit,Andrew Wong,5,Solid gym with powerbar near jurong east mrt,a year ago,November 2024,ChdDSUhNMG9nS0VJQ0FnSUMxajhPSzFBRRAB
Anytime Fitness Jurong Summit,Fahim Hossain,5,"Very friendly staff, gave me advice on my form and helped me correct it. Spacious gym with new equipment and never too busy as well.",a year ago,November 2024,ChdDSUhNMG9nS0VJQ0FnSUMxbjZTVnJ3RRAB
Anytime Fitness Jurong Summit,eugene chew,5,Best gym in the west! Convenient & spacious with an array of equipments! Gym is clean & staffs are friendly too!,a year ago,November 2024,ChZDSUhNMG9nS0VJQ0FnSUMxazZQbE1BEAE
Anytime Fitness Jurong Summit,Janet Tan,5,"Love the gym here. Very spacious and staff are friendly :) Is all sheltered all the way from MRT station, really convenient and accessible regardless rain or shine.",a year ago,November 2024,ChdDSUhNMG9nS0VJQ0FnSUMxMkxQMnZRRRAB
Anytime Fitness Jurong Summit,Khalis Isnen,5,Good equipment and amazing machines. More than enough power bars to go around for powerlifters. The staff who wears the cap is amazing ðŸ‘ â€¦,a year ago,November 2024,ChZDSUhNMG9nS0VJQ0FnSUNOaDgtX1lREAE
Anytime Fitness Jurong Summit,Emir Haqim,5,"Love the gym, super spacious, came down for trial, staffs are friendly, love the equipments!",a year ago,November 2024,ChdDSUhNMG9nS0VJQ0FnSUNuajltVHp3RRAB
Anytime Fitness Jurong Summit,Huang Xin,5,"equipment is well-taken care of, staff is friendly and the environment is amazingðŸ¤©.This is a fantastic gym with great equipment and facilities,,10/10 â€¦",a year ago,November 2024,ChdDSUhNMG9nS0VJQ0FnSUNONF92ZWh3RRAB
Anytime Fitness Jurong Summit,A,5,Amazing gym with lots of new equipment and friendly stuff who taught me how to use everything! Very beginner friendly love it.,a year ago,November 2024,ChZDSUhNMG9nS0VJQ0FnSUNObzc3V0F3EAE
Anytime Fitness Jurong Summit,J H Ng,5,"Arranged for a trial with Carrey. Gym is new, clean and spacious with a good selection of equipment. Seems like a great place to exercise.",a year ago,November 2024,ChZDSUhNMG9nS0VJQ0FnSUNObHJfUE9nEAE
Anytime Fitness Jurong Summit,Wong Swee yang,5,Many gym equipments with a friendly vibe,5 months ago,June 2025,Ci9DQUlRQUNvZENodHljRjlvT21kSk4yWm9OMDVrTFdjMlpESm9hRzFRTVZCRVpFRRAB
Anytime Fitness Jurong Summit,Aldrich Ee,5,"Gym is top tier! Spacious and clean, with top tier equipment! Approachable and friendly staff. Highly recommended",a year ago,November 2024,ChdDSUhNMG9nS0VJQ0FnSUMxMDRYWXNBRRAB
Anytime Fitness Jurong Summit,Ashlyn Teo,5,"Very spacious and neat with lots of racks and 2 deadlift platforms. Wide variety of machines, friendly staff and a short distance from jurong east mrt.",a year ago,November 2024,ChdDSUhNMG9nS0VJQ0FnSUMxMDdYYzV3RRAB
Anytime Fitness Jurong Summit,Carissa Tan,5,"very nice gym with alot of good equipments that i never see before and very good trainer, Kemar who taught me how to do the glute coaster âœ¨ Will recommend him.",a year ago,November 2024,ChdDSUhNMG9nS0VJQ0FnSUQxMU8zdThRRRAB
Anytime Fitness Jurong Summit,Christ Gabriel,5,Has all the equipments you need and some equipments you wonâ€™t find in other AF gym. Very friendly environment and friendly staffs,a year ago,November 2024,ChdDSUhNMG9nS0VJQ0FnSUNYNzkzQ3ZRRRAB
Anytime Fitness Jurong Summit,Daniel Ezfay,5,"Freindly staff, clean , spacious, solid equipment and has alot of machines to hit different part of the body. 10/10 home gym (real)",a year ago,November 2024,ChdDSUhNMG9nS0VJQ0FnSUMxd1BpbDd3RRAB
Anytime Fitness Jurong Summit,kairi ho,5,The staff here are so friendly! 10/10 would recommend!,5 months ago,June 2025,ChZDSUhNMG9nS0VQdVU0b091eU43bktnEAE
Anytime Fitness Jurong Summit,Nahjul hafiz,5,"convenient location(near mrt and bus interchange), 6 racks and very spacious, gym staff very helpful (lent me his straps). not very crowded.",a year ago,November 2024,ChdDSUhNMG9nS0VJQ0FnSUNObjdPWHJ3RRAB
Anytime Fitness Jurong Summit,Wayne Fong,5,Great gym . Well stocked and clean . My go to when Iâ€™m near home,a year ago,November 2024,ChdDSUhNMG9nS0VJQ0FnSUNYZ2JuRDVRRRAB
Anytime Fitness Jurong Summit,Dino Ning,5,"Top tier gym with good equipments and very spacious, gym staffs are super friendly. Best gym to go in the West.",a year ago,November 2024,ChZDSUhNMG9nS0VJQ0FnSUMxODdXblRREAE
Anytime Fitness Jurong Summit,Germaine Yeo,5,"Place is new, clean and spacious. Thereâ€™s also a good mix of different types of equipment. Owners are friendly and patient when assisting in queries!",a year ago,November 2024,ChZDSUhNMG9nS0VJQ0FnSUN0MXUtVU1nEAE
Anytime Fitness Jurong Summit,Eunice Kwok,4,Great space and quality equipment ! Recommended gym to go to if youâ€™re in the area,a year ago,November 2024,ChZDSUhNMG9nS0VJQ0FnSUNYbHRuekhBEAE
Anytime Fitness Jurong Summit,jason lau,5,"Gym looks nice and clean, staff were very friendly as well. Good place to workout",a year ago,November 2024,ChZDSUhNMG9nS0VJQ0FnSUQxNmFpb1B3EAE
Anytime Fitness Jurong Summit,Jacky Lam,5,Excellent service with super friendly staff. Both gym layout and equipment are top notch.,a year ago,November 2024,ChZDSUhNMG9nS0VJQ0FnSUNObGFtSEdREAE
Anytime Fitness Jurong Summit,Shumin Ng,5,Huge gym loaded with lots of equipments and racks! Walking distance from MRT which is very convenient as well. Best gym in the west!!,a year ago,November 2024,ChdDSUhNMG9nS0VJQ0FnSUMxazllQTVnRRAB
Anytime Fitness Jurong Summit,Syamim Rosman03,5,"Great equipments, very spacious and super friendly staffs.... awesome gym foreal",a year ago,November 2024,ChZDSUhNMG9nS0VJQ0FnSUMxMDhDaWR3EAE
Anytime Fitness Jurong Summit,DewSCL,5,"The staff are really nice and helpful. Gym is really clean, spacious and well mantained",a year ago,November 2024,ChdDSUhNMG9nS0VJQ0FnSUQ5Mi1LSzFBRRAB
Anytime Fitness Jurong Summit,TM Chee,5,Lost my airpods in the gym yesterday. Cember called me immediately in the morning after receiving my message and helped me to check the CCTV. Really appreciate his efforts!,a year ago,November 2024,ChZDSUhNMG9nS0VJQ0FnSUQ3czR5ZFdBEAE
Anytime Fitness Jurong Summit,Shreyaa smruthi,5,"The service was efficient and the people were friendly and helpful, gym is nicely spaced and lit, amenities are good to use and well-maintained",a year ago,November 2024,ChdDSUhNMG9nS0VJQ0FnSUNOazVMNzF3RRAB
Anytime Fitness Jurong Summit,Edna Theadore,5,Great Gym. Good equipment. Friendly staff. Cember is the best. Look for cember if anything. wonâ€™t dissapoint.,a year ago,November 2024,ChZDSUhNMG9nS0VJQ0FnSUQxcS1ldURBEAE
Anytime Fitness Jurong Summit,Lei M.,5,"Great gym! All staff are very accomodating and friendly, especially Cember! Keep it up ðŸ˜Š â€¦",a year ago,November 2024,ChZDSUhNMG9nS0VJQ0FnSUNONTVEeFFREAE
Anytime Fitness Jurong Summit,Jiaying Lee,2,A lot of machine hoggers and a servere lack of benches. Staff who was probably off-duty was disrespectful.,8 months ago,March 2025,ChdDSUhNMG9nS0VJQ0FnTUNncGJfam5BRRAB
Anytime Fitness Jurong Summit,Wayne T,5,Very spacious and friendly people working there! Love it. 10/10 gym,a year ago,November 2024,ChdDSUhNMG9nS0VJQ0FnSUMxczdleTRnRRAB
Anytime Fitness Jurong Summit,lee jia le,5,Good shit met a guy named shanks there if you like one piece you gon enjoy this gym,a year ago,November 2024,ChdDSUhNMG9nS0VJQ0FnSURYOFAtcjBnRRAB
Anytime Fitness Jurong Summit,RQ Chen,5,"Super nice staff, very new and advanced equipment. Best gym everðŸ‘ â€¦",a year ago,November 2024,ChdDSUhNMG9nS0VJQ0FnSUNObzdLUDJBRRAB
Anytime Fitness Jurong Summit,PoneTech,5,"Clean gym, even have bugs to eat",2 weeks ago,October 2025,Ci9DQUlRQUNvZENodHljRjlvT2xsSmRISkdRVUpHZGkxUWFtNUZhRU0wUzBGQ1EyYxAB
Anytime Fitness Jurong Summit,Hairul Aidil Fadzlee Bin Mohamad Kasim,5,"From the people who made AF Chai Chee, AF Upper Serangoon Gardens and AF Stevens awesome, now we got it's Jurong Branch counterpart which has a deadlift bar in the western sector.",a year ago,November 2024,ChZDSUhNMG9nS0VJQ0FnSUNOaDc3eE1BEAE
Anytime Fitness Jurong Summit,Ramesh Raj Gunasekaran,5,Very spacious with well equipped also convenient short walking distance from MRT will definitely recommend to my friends good job,Edited 9 months ago,February 2025,ChZDSUhNMG9nS0VJQ0FnSUNkODhlUUhREAE
Anytime Fitness Jurong Summit,Mohamad Aminuddin,5,"Very friendly staffs , gyms super spacious !! Most important is THERES 6 RACKS !! SUPERB GYM ðŸ’¯ â€¦",a year ago,November 2024,ChdDSUhNMG9nS0VJQ0FnSUNOMzZpNXl3RRAB
Anytime Fitness Jurong Summit,Suni Merlo,5,The staff is super nice and helpful!!! 10/10 made the new gym transition soo much easier.,a year ago,November 2024,ChdDSUhNMG9nS0VJQ0FnSUNONWFMQTVRRRAB
Anytime Fitness Jurong Summit,DeravicOng,5,"The equipments are top tier, staff is friendly and approachable, space is big, location is perfect for those staying in the west as it is in the central",a year ago,November 2024,ChZDSUhNMG9nS0VJQ0FnSUNOd3NudlpnEAE
Anytime Fitness Jurong Summit,Bryan Wee,5,Well equipped gym with Powerlifting barbells and racks. Location is easily accessible as it is a 2-3 min walk from mrt,a year ago,November 2024,ChZDSUhNMG9nS0VJQ0FnSUNOMWNYVlpBEAE
Anytime Fitness Jurong Summit,Shafa Azman,5,Hands down the best gym in the west.,4 months ago,July 2025,Ci9DQUlRQUNvZENodHljRjlvT2xWNk1uaGtSVmhzU3pSMU1qbFRZM0JXZWpOdE5sRRAB
Anytime Fitness Jurong Summit,benedict boh,5,"Great atmosphere, state of the art facilities and super friendly staff too!
Definitely the go to club if youâ€™re around the West!",a year ago,November 2024,ChdDSUhNMG9nS0VJQ0FnSUNOeDVLSW53RRAB
Anytime Fitness Jurong Summit,Lee PY,5,"wide range of equipments, perfect for powerlifting. love the vibe and the staff are friendly too!",a year ago,November 2024,ChdDSUhNMG9nS0VJQ0FnSUQxcWJfSl93RRAB
Anytime Fitness Jurong Summit,Radu,5,Very nice gym. Friendly and helpful staff. Good equipment,a year ago,November 2024,ChdDSUhNMG9nS0VJQ0FnSUROcTZxZDh3RRAB
Anytime Fitness Jurong Summit,Halijah Omar,5,"Great gym, great equipments, friendly staff! Will come here more often!",a year ago,November 2024,ChdDSUhNMG9nS0VJQ0FnSURUdk5IeDFBRRAB
Anytime Fitness Jurong Summit,alages_alges,5,"Gym very nice environment, easy to access and equipment all news. Especially PT trainer very trainer.",a year ago,November 2024,ChZDSUhNMG9nS0VJQ0FnSUMxeDl5a0lnEAE
Anytime Fitness Jurong Summit,Muhammad Fadlullah,5,"Spacious, clean, and fully equipped. Highly recommend checking this place out. The staff is friendly and super helpful too!",a year ago,November 2024,ChdDSUhNMG9nS0VJQ0FnSUNOaDQzUWtnRRAB
Anytime Fitness Jurong Summit,Russell Sia,5,"Clean and highly spacious, nice place to train!",7 months ago,April 2025,ChdDSUhNMG9nS0VJQ0FnTUN3NjdHSzRBRRAB
Anytime Fitness Jurong Summit,ChengWee Chua,5,One of the best AF in the west of Singapore. Very spacious with lots of unique machines,a year ago,November 2024,ChdDSUhNMG9nS0VJQ0FnSUNYdWNYM3JRRRAB
Anytime Fitness Jurong Summit,Els Tian,5,"One of my fav outlet inSG. Clean toilet, spacious, special equipments that are not usually see",a year ago,November 2024,ChZDSUhNMG9nS0VJQ0FnSUQ3cnJDWlFBEAE
Anytime Fitness Jurong Summit,Alex Teo,5,Very near the MRT and is sheltered throughout. Big and spacious gym with good equipments. 10/10,a year ago,November 2024,ChdDSUhNMG9nS0VJQ0FnSUMxczVDVzlRRRAB
Anytime Fitness Jurong Summit,Nikki,5,10/10 gym highly recommend well equipped with many different machines and barbells for any gym goer!,a year ago,November 2024,ChZDSUhNMG9nS0VJQ0FnSUMxMDh6OUVBEAE
Anytime Fitness Jurong Summit,Gagan Abhishek,5,"Quite large gym, well maintained. Less crowded",11 months ago,December 2024,ChdDSUhNMG9nS0VJQ0FnSUQza2RxbXVRRRAB
Anytime Fitness Jurong Summit,Hamlizan Ali,5,Spacious with a variety of equipments. Pls top up your protein more often! haha,a year ago,November 2024,ChZDSUhNMG9nS0VJQ0FnSUMzb1pmV2JBEAE
Anytime Fitness Jurong Summit,Ryan Danial,5,Good equipment. Electric environment to work out in. Never failed a PR here. 10/10 will recommend,a year ago,November 2024,ChdDSUhNMG9nS0VJQ0FnSUM5emVTZ19nRRAB
Anytime Fitness Jurong Summit,Samual Tan,5,"Great gym with amazing facilities. Big space as well, recommended!",a year ago,November 2024,ChdDSUhNMG9nS0VJQ0FnSUQxbTl6YnFnRRAB
Anytime Fitness Jurong Summit,Mohamed Imran,5,The staff here are all very friendly ! Gym is spacious ! recommend it !,a year ago,November 2024,ChdDSUhNMG9nS0VJQ0FnSUQxNjdTWGl3RRAB
Anytime Fitness Jurong Summit,sarar khan,5,"Might just be the best gym in the west. If the quality maintains or gets better, might be the best in SG too:)",a year ago,November 2024,ChdDSUhNMG9nS0VJQ0FnSUMxb3RubjdBRRAB
Anytime Fitness Jurong Summit,Teoh Chee Hong,5,spacious gym with great equipment and friendly staff!,a year ago,November 2024,ChdDSUhNMG9nS0VJQ0FnSURWNzgzSGhnRRAB
Anytime Fitness Jurong Summit,Keane Tan,5,"Good range of equipments here from racks/platforms to isolation equipments, can tend to be crowded from 5pm to 9pm",a year ago,November 2024,ChZDSUhNMG9nS0VJQ0FnSUMxdk9TZ093EAE
Anytime Fitness Jurong Summit,Marcus Leong,5,Spacious and well-managed gym with ample variety of equipment!,a year ago,November 2024,ChZDSUhNMG9nS0VJQ0FnSUMxNGRuWVRREAE
Anytime Fitness Jurong Summit,Kenneth Lee,5,Good variety of equipments and good environment. Trainer Kemar has been friendly and helpful too,a year ago,November 2024,ChdDSUhNMG9nS0VJQ0FnSUMxazYtU193RRAB
Anytime Fitness Jurong Summit,Yj,5,Incredibly spacious with tons of equipment. Love this gym!,a year ago,November 2024,ChZDSUhNMG9nS0VJQ0FnSUNOXzhPTkNnEAE
Anytime Fitness Jurong Summit,warrren lhy,5,"Friendly staff, great gym atmosphere. Recommend for the westies only ðŸ˜Œ â€¦",a year ago,November 2024,ChdDSUhNMG9nS0VJQ0FnSUNObGNYZzdBRRAB
Anytime Fitness Jurong Summit,Rohani Othman,5,Gym at JTC provides variety of equipments and good customer service! Good to come train here!,a year ago,November 2024,ChdDSUhNMG9nS0VJQ0FnSUROanNiazBnRRAB
Anytime Fitness Jurong Summit,Zijie Zhuo,5,"The gym is relatively new, and its facilities are still in excellent condition.",a year ago,November 2024,ChdDSUhNMG9nS0VJQ0FnSUMzb29mUDdRRRAB
Anytime Fitness Jurong Summit,Pearllyy,5,Great experience. There were good machines there. The place is clean and spacious,a year ago,November 2024,ChdDSUhNMG9nS0VJQ0FnSUQxbTQ2OWh3RRAB
Anytime Fitness Jurong Summit,Ben,5,Clean sleek awesome guys.. staff I'm telling.. they smile 24/7.. it makes ur day,a year ago,November 2024,ChdDSUhNMG9nS0VJQ0FnSURYdU1YRnN3RRAB
Anytime Fitness Jurong Summit,Novan Tan,5,Very clean & good place for powerlifters! Not bad for bodybuilding too,a year ago,November 2024,ChZDSUhNMG9nS0VJQ0FnSURWMzlhdGJREAE
Anytime Fitness Jurong Summit,Faustina P.,5,"I strongly recommend the gym for its consistently clean and welcoming environment, leaving a positive and lasting impression.",a year ago,November 2024,ChdDSUhNMG9nS0VJQ0FnSUMxMDZYemt3RRAB
Anytime Fitness Jurong Summit,Jake lee,5,Awesome gym with good facilities and people,7 months ago,April 2025,ChZDSUhNMG9nS0VJQ0FnTUR3blB1aERREAE
Anytime Fitness Jurong Summit,NA,5,"Gym is super clean, a lot of equipment and staff is very helpful.",Edited a year ago,November 2024,ChZDSUhNMG9nS0VJQ0FnSUMxazhPcFhnEAE
Anytime Fitness Jurong Summit,Favian Mak,5,"solid equipment , spacious af and so convenient from jurong mrt",Edited 7 months ago,April 2025,ChZDSUhNMG9nS0VJQ0FnSUNYXzl5MklREAE
Anytime Fitness Jurong Summit,Sybian ng,5,ample space and well equiped. waiting time are short. pple are always very friendly,a year ago,November 2024,ChdDSUhNMG9nS0VJQ0FnSURiemZxYnJ3RRAB
Anytime Fitness Jurong Summit,Muhammad Nabil,5,"Clean, spacious and equipments are well maintained. Well-managed club, 5/5.",a year ago,November 2024,ChdDSUhNMG9nS0VJQ0FnSUQxNllDRTZBRRAB
Anytime Fitness Jurong Summit,Mohamed Ariffin,5,Well spaced out gym with an array of equipment.  Good vibes,a year ago,November 2024,ChZDSUhNMG9nS0VJQ0FnSUNYMXQyWGRBEAE
Anytime Fitness Jurong Summit,HFSDNL,5,"Very convenient location, friendly staffs, as well as clean toilets :)",a year ago,November 2024,ChZDSUhNMG9nS0VJQ0FnSURYLU5iMlZBEAE
Anytime Fitness Jurong Summit,Brockley,5,"Gym is spacious, clean and well equipped.",a year ago,November 2024,ChZDSUhNMG9nS0VJQ0FnSUNYd2VxQ1NBEAE
Anytime Fitness Jurong Summit,Chua Yu Hui,5,spacious gym with amazing equipment and even better staff!!!,a year ago,November 2024,ChdDSUhNMG9nS0VJQ0FnSUMxODhqM2tBRRAB
Anytime Fitness Jurong Summit,Esther Chua,5,awesome gym ðŸ˜› awesome people â€¦,5 months ago,June 2025,Ci9DQUlRQUNvZENodHljRjlvT25aM2VrUTJUMjlSTjJ4VUxURTJjbk5MVEVGWFlVRRAB
Anytime Fitness Jurong Summit,Benson Chua,5,"Clean and spacious, lots of equipment! My favourite to do pull day ðŸ‘ðŸ» â€¦",a year ago,November 2024,ChZDSUhNMG9nS0VJQ0FnSURObGVHUWR3EAE
Anytime Fitness Jurong Summit,Hong Liang Tan,5,spacious and beautiful gym with great equipments and staff,a year ago,November 2024,ChdDSUhNMG9nS0VJQ0FnSUMxczV6VXdBRRAB
Anytime Fitness Jurong Summit,Nicholas,5,"One of the best and well equipped AF in the west, most importantly super nice and friendly staff!",a year ago,November 2024,ChdDSUhNMG9nS0VJQ0FnSUMxOTk3UWpnRRAB
Anytime Fitness Jurong Summit,MichaelSY Yeo,5,"Best AF in the west, plenty of space nice equipment and variety, amazing and friendly staff as well.",a year ago,November 2024,ChdDSUhNMG9nS0VJQ0FnSUMxMDduRTF3RRAB
Anytime Fitness Jurong Summit,Syed Aezri,5,love this gym so much. Amazing vibes,a year ago,November 2024,ChZDSUhNMG9nS0VJQ0FnSURYbXQtZGJREAE
Anytime Fitness Jurong Summit,Muhd Tajudin,5,"The equipments there is complete for a full body workout, staff are very friendly!",a year ago,November 2024,ChdDSUhNMG9nS0VJQ0FnSUNYdHNQUW1RRRAB
Anytime Fitness Jurong Summit,Yap Kok Seng,5,Nice and clean fitness center. Friendly staffs there for you,a year ago,November 2024,ChZDSUhNMG9nS0VJQ0FnSUQxdWFYWUtREAE
Anytime Fitness Jurong Summit,Paul Zinc,5,"Good for backday training, well equip and have big spaces",a year ago,November 2024,ChZDSUhNMG9nS0VJQ0FnSUNYaWNyVkpnEAE
Anytime Fitness Jurong Summit,Jin Sheng Gwee,5,"Staff was very inviting, top notch equipment and very spacious, would definitely come back ðŸ‘ðŸ» â€¦",a year ago,November 2024,ChZDSUhNMG9nS0VJQ0FnSURWMzhPNld3EAE
Anytime Fitness Jurong Summit,Matthias Yap,5,Definitely one of the better AFs in the west with much bigger space compared to the ones around the vicinity.,a year ago,November 2024,ChZDSUhNMG9nS0VJQ0FnSUMxLXZtZFV3EAE
Anytime Fitness Jurong Summit,A C,5,Friendly and helpful staff! One of the latest body composition machine available for members too.,a year ago,November 2024,ChZDSUhNMG9nS0VJQ0FnSUNkaXBTOGNREAE
Anytime Fitness Jurong Summit,Muhd,5,Solid gym with good facilities and friendly staff,a year ago,November 2024,ChdDSUhNMG9nS0VJQ0FnSUMxd0x6THVRRRAB
Anytime Fitness Jurong Summit,Freddy Tan,5,Love the ambience and the staff were really friendly and welcoming! Will definitely come back!,a year ago,November 2024,ChdDSUhNMG9nS0VJQ0FnSUROMXZmSmx3RRAB
Anytime Fitness Jurong Summit,rya camillya,5,Lovely gym with awesome equipment and even awesomer staff,a year ago,November 2024,ChZDSUhNMG9nS0VJQ0FnSUQxbV96VExREAE
Anytime Fitness Jurong Summit,Lien Vo87,5,A very nice gym with super friendly staffs.,a year ago,November 2024,ChZDSUhNMG9nS0VJQ0FnSUM5dE5YM0tBEAE
Anytime Fitness Jurong Summit,Adam,5,"Best AF outlet in the west. Huge space, plenty of equipment and friendly staff.",a year ago,November 2024,ChZDSUhNMG9nS0VJQ0FnSUMxMDhhd1F3EAE
Anytime Fitness Jurong Summit,Antonio Adam,5,"Great Gym and spacious!!
Cember is awesome and knowledgeable!!ðŸ‘ðŸ»ðŸ‘ðŸ» â€¦",a year ago,November 2024,ChZDSUhNMG9nS0VJQ0FnSUMxODVqS1ZBEAE
Anytime Fitness Jurong Summit,Park Young'eun,5,"thank you for this place because it makes me forget the pain of a broken heart and a tired mind, the best place to build yourself up.ðŸ«¶ðŸ«¶ #Anytime Fitness Jurong Summit â€¦",a year ago,November 2024,ChZDSUhNMG9nS0VJQ0FnSUNOX1l2SU13EAE
Anytime Fitness Jurong Summit,Gerald Gan,5,Very spacious and clean environment. There are a lot of equipment!,a year ago,November 2024,ChdDSUhNMG9nS0VJQ0FnSUQ5eHE2UG1RRRAB
Anytime Fitness Jurong Summit,Jomari Esquivel,5,Great gym and equipments with friendly environment!,a year ago,November 2024,ChdDSUhNMG9nS0VJQ0FnSUMxazdfZ3hnRRAB
Anytime Fitness Jurong Summit,N N,5,"When thereâ€™s another anytime fitness few hundred m away, itâ€™s too easy to make a comparison. 10/10",a year ago,November 2024,ChZDSUhNMG9nS0VJQ0FnSUM5N0xfSEZREAE
Anytime Fitness Jurong Summit,Fabian Tan,5,"Great gym, big space, bomb playlistðŸ‘ðŸ» â€¦",a year ago,November 2024,ChdDSUhNMG9nS0VJQ0FnSURiN2RiZnZRRRAB
Anytime Fitness Jurong Summit,Sharulnizam Zabor,5,The Best AF Gym in Singapore that I have been to!,a year ago,November 2024,ChdDSUhNMG9nS0VJQ0FnSURiemV5QnhBRRAB
Anytime Fitness Jurong Summit,Sebastian Tan,5,10/10. good place to gym very good vibes,a year ago,November 2024,ChdDSUhNMG9nS0VJQ0FnSURYMzdtaHVBRRAB
Anytime Fitness Jurong Summit,Ilan Faris,5,amazing gym with a great vibe. 10/10 would come here again,a year ago,November 2024,ChdDSUhNMG9nS0VJQ0FnSURWbjVyeDJBRRAB
Anytime Fitness Jurong Summit,Darryl Deebern,5,It's a great gym! Love it.,a year ago,November 2024,ChZDSUhNMG9nS0VJQ0FnSUNOei1pQ09BEAE
Anytime Fitness Jurong Summit,Jiang William,5,I've been to most Anytime Fitness in the West and this is hands-down the best one,a year ago,November 2024,ChdDSUhNMG9nS0VJQ0FnSUMxbjZDX3dRRRAB
Anytime Fitness Jurong Summit,Chong Wayne,5,big gym with helpful staff and loads of machines!!,a year ago,November 2024,ChdDSUhNMG9nS0VJQ0FnSUMxczZPR25nRRAB
Anytime Fitness Jurong Summit,Aaron Irfan,5,Has alot of good equipments and very spacious!,a year ago,November 2024,ChdDSUhNMG9nS0VJQ0FnSUMxd09qWC1nRRAB
Anytime Fitness Jurong Summit,Sachin Prabhu Ram,5,Nice staff and great equipment. Bit crowded though,a year ago,November 2024,ChdDSUhNMG9nS0VJQ0FnSUROam9HWjZ3RRAB
Anytime Fitness Jurong Summit,Li Jun Lee,5,Awesome facilities and most importantly spacious!,a year ago,November 2024,ChdDSUhNMG9nS0VJQ0FnSURYeXRlRTVBRRAB
Anytime Fitness Jurong Summit,Jordan Soo,5,"Very nice environment, Loved the staff too. Good service",a year ago,November 2024,ChZDSUhNMG9nS0VJQ0FnSUNONUxtckFREAE
Anytime Fitness Jurong Summit,dylanho,5,"Nice environment, well maintained facilities",7 months ago,April 2025,ChZDSUhNMG9nS0VJQ0FnTUN3cmZIZE9REAE
Anytime Fitness Jurong Summit,samuel heng,5,Great friendly staff that attended to my many questions and were so easy to work with! Thank u ðŸ‘ â€¦,Edited a year ago,November 2024,ChZDSUhNMG9nS0VJQ0FnSUMxNHFTU1lnEAE
Anytime Fitness Jurong Summit,Marcus tan,5,"Nice gym, good lighting & equipments",a year ago,November 2024,ChZDSUhNMG9nS0VJQ0FnSUMxNHEtM0Z3EAE
Anytime Fitness Jurong Summit,deen hadif,5,Great gym. nice staff,a year ago,November 2024,ChZDSUhNMG9nS0VJQ0FnSUQxbTd6YVBnEAE
Anytime Fitness Jurong Summit,SIVAKUMAR ANGURAJ,5,Equipment are good to use. Nice experience,a year ago,November 2024,ChZDSUhNMG9nS0VJQ0FnSUNYZ2JXTkNREAE
Anytime Fitness Jurong Summit,Timothy Tor,5,Top notch racks with a big floor space! Convenient location.,a year ago,November 2024,ChdDSUhNMG9nS0VJQ0FnSUMxa3FxZzN3RRAB
Anytime Fitness Jurong Summit,Diestro,5,"love the gym, look for cember. super handsome and sexy",a year ago,November 2024,ChdDSUhNMG9nS0VJQ0FnSUMxczVMbDRnRRAB
Anytime Fitness Jurong Summit,Nicholas Tee,5,Really spacious and in a convenient area. Friendly staff as well!,a year ago,November 2024,ChZDSUhNMG9nS0VJQ0FnSUNOMy0zTUxBEAE
Anytime Fitness Jurong Summit,Shalom Wong,5,"Easily the best in the west, made for powerlifters",a year ago,November 2024,ChZDSUhNMG9nS0VJQ0FnSUNYdHAtbkdnEAE
Anytime Fitness Jurong Summit,Oliver Lrj,5,"clean and aesthetic, staff is friendly too",a year ago,November 2024,ChdDSUhNMG9nS0VJQ0FnSURYbWI2RzhnRRAB
Anytime Fitness Jurong Summit,E G,5,Great gym to visit in the Jurong East !,a year ago,November 2024,ChZDSUhNMG9nS0VJQ0FnSUNYaDUzVldBEAE
Anytime Fitness Jurong Summit,Jeff Liew,5,"Really clean place, Carrey was a really helpful employee. (:",a year ago,November 2024,ChZDSUhNMG9nS0VJQ0FnSUROb09HSWNnEAE
Anytime Fitness Jurong Summit,Hakim Wahab,5,Best gym in the west!! New and clean!!,a year ago,November 2024,ChZDSUhNMG9nS0VJQ0FnSUROc2UyNFl3EAE
Anytime Fitness Jurong Summit,Iskandar Alinoor,5,"Spacious, good equipments and great staff",a year ago,November 2024,ChdDSUhNMG9nS0VJQ0FnSUMxczV2VmlnRRAB
Anytime Fitness Jurong Summit,Pear Boi.x,5,Greatest gym i have been to in the west,a year ago,November 2024,ChZDSUhNMG9nS0VJQ0FnSUMxajlXX1pnEAE
Anytime Fitness Jurong Summit,shfl azhr,5,The best of the best Anytime Fitness outlet in the west (Real),a year ago,November 2024,ChZDSUhNMG9nS0VJQ0FnSUMxd0tqaGJREAE
Anytime Fitness Jurong Summit,teo yiling,4,"Spacious, good variety of equipments.",a year ago,November 2024,ChZDSUhNMG9nS0VJQ0FnSURYcUthLUl3EAE
Anytime Fitness Jurong Summit,John,5,A buff man called carry made the place a more lively one,a year ago,November 2024,ChZDSUhNMG9nS0VJQ0FnSUNOeDlpYU1REAE
Anytime Fitness Jurong Summit,Rose Ronquillo,5,"It is a great gym, kudos to Cember.",a year ago,November 2024,ChZDSUhNMG9nS0VJQ0FnSUROdzRXVUV3EAE
Anytime Fitness Jurong Summit,Irsyad Norman,5,Very nice gym. Friendly staff,a year ago,November 2024,ChZDSUhNMG9nS0VJQ0FnSUNObzhhdkZ3EAE
Anytime Fitness Jurong Summit,ng jingzhi,5,One of the best gym in the west ðŸ‘ðŸ» â€¦,a year ago,November 2024,ChdDSUhNMG9nS0VJQ0FnSUNOXzQtYjR3RRAB
Anytime Fitness Jurong Summit,yab jyyo,5,Very nice,7 months ago,April 2025,ChdDSUhNMG9nS0VJQ0FnTUR3bS1yZGhnRRAB
Anytime Fitness Jurong Summit,Kari Kiri,5,Well located with 6 squat racks,a year ago,November 2024,ChZDSUhNMG9nS0VJQ0FnSUNYMDlUcVRnEAE
Anytime Fitness Jurong Summit,Nathaniel,5,Great gym big and spacious,a year ago,November 2024,ChdDSUhNMG9nS0VJQ0FnSUROMXZ1MTRRRRAB
Anytime Fitness Jurong Summit,Nuruddin Rohaimi,5,Greatly appreciate Cemberâ€™s efforts and patience to deal with my inquiries. ðŸ‘ðŸ¼ â€¦,a year ago,November 2024,ChZDSUhNMG9nS0VJQ0FnSUMxajZ1a2FBEAE
Anytime Fitness Jurong Summit,yoyo yo,5,Nice gym very friendly staff,a year ago,November 2024,ChdDSUhNMG9nS0VJQ0FnSUQxNU0zZGhnRRAB
Anytime Fitness Jurong Summit,Prabhleen Kaur,5,"spacious, clean, good equipments",a year ago,November 2024,ChdDSUhNMG9nS0VJQ0FnSUMzeGMzOWxRRRAB
Anytime Fitness Jurong Summit,Hud Syafiq,5,Great well equipped gym.,a year ago,November 2024,ChZDSUhNMG9nS0VJQ0FnSUROc2FlY0dBEAE
Anytime Fitness Jurong Summit,shanice sitoh,5,Amazing! 5 stars,a year ago,November 2024,ChZDSUhNMG9nS0VJQ0FnSUNOb19iSEZnEAE
Anytime Fitness Jurong Summit,Nick,5,Amazing ambiance with variety of equipments!,a year ago,November 2024,ChdDSUhNMG9nS0VJQ0FnSUNOdTRHUnp3RRAB
Anytime Fitness Jurong Summit,Nikkisha Norhisham,5,Carrey was very friendly and provided friendly services ðŸ‘ðŸ»ðŸ‘ðŸ» â€¦,a year ago,November 2024,ChdDSUhNMG9nS0VJQ0FnSUNOeF96MjVRRRAB
Anytime Fitness Jurong Summit,zin,5,"Very spacious, good equipment",a year ago,November 2024,ChdDSUhNMG9nS0VJQ0FnSUNOeF9TaHFRRRAB
Anytime Fitness Jurong Summit,Brandon Tan,5,spacious and clean gym,7 months ago,April 2025,ChZDSUhNMG9nS0VJQ0FnTUN3amZDVlZnEAE
Anytime Fitness Jurong Summit,Wei Cong Ang,5,Excellent equipment with a good reputation to boot,a year ago,November 2024,ChdDSUhNMG9nS0VJQ0FnSUMxOF9yXzJRRRAB
Anytime Fitness Jurong Summit,G Ko,5,Clean and well kept equipment.,a year ago,November 2024,ChdDSUhNMG9nS0VJQ0FnSUNYbHZuTDBBRRAB
Anytime Fitness Jurong Summit,Yulun,5,good place to workout with amazing staff and equipment,a year ago,November 2024,ChdDSUhNMG9nS0VJQ0FnSUNOeDVqTDVRRRAB
Anytime Fitness Jurong Summit,Roni Johannes,5,Great gym and great management,a year ago,November 2024,ChdDSUhNMG9nS0VJQ0FnSUMxaThpWTRRRRAB
Anytime Fitness Jurong Summit,Aryan Gupta,5,Had an amazing trial. Very detailed,a year ago,November 2024,ChZDSUhNMG9nS0VJQ0FnSUNONWVLWUt3EAE
Anytime Fitness Jurong Summit,Andrea,5,good gym,a year ago,November 2024,ChZDSUhNMG9nS0VJQ0FnSUNuajhXMk13EAE
Anytime Fitness Jurong Summit,Tee Hk,5,Good environment and fitness equipment,a year ago,November 2024,ChZDSUhNMG9nS0VJQ0FnSUNObjdmQ0RBEAE
Anytime Fitness Jurong Summit,Justin Tan,5,Great place,4 months ago,July 2025,Ci9DQUlRQUNvZENodHljRjlvT2pWQ09YcDBaVEJHUlV4Tlh6ZHdRbXgwZEhsQmVXYxAB
Anytime Fitness Jurong Summit,Mohd Faizal Mohd Sali,5,Welcoming environment and the equipments are good!,a year ago,November 2024,ChdDSUhNMG9nS0VJQ0FnSUNONTU3UXhRRRAB
Anytime Fitness Jurong Summit,Jolene Chu,5,Sick gym at a sick location with sick staff and managers ðŸ’¯ â€¦,a year ago,November 2024,ChZDSUhNMG9nS0VJQ0FnSUMxczh1eU53EAE
Anytime Fitness Jurong Summit,Robert Smith,5,One of the best trainer in the world.,a year ago,November 2024,ChdDSUhNMG9nS0VJQ0FnSUMxdjhDRWxRRRAB
Anytime Fitness Jurong Summit,Edrick Salim,5,Nice gym I like this gym,a year ago,November 2024,ChZDSUhNMG9nS0VJQ0FnSUNONF9IdllREAE
Anytime Fitness Jurong Summit,Jordan Ong Kian Huat,5,Nice and neat outlet!,a year ago,November 2024,ChZDSUhNMG9nS0VJQ0FnSURYeE83elpnEAE
Anytime Fitness Jurong Summit,Zachary Gan,5,I love this place Center is the best,a year ago,November 2024,ChdDSUhNMG9nS0VJQ0FnSUM5emJQcGt3RRAB
Anytime Fitness Jurong Summit,Syafiee Bin Ayub,5,Best gym in the west!!,a year ago,November 2024,ChZDSUhNMG9nS0VJQ0FnSUMxajUyQ1R3EAE
Anytime Fitness Jurong Summit,Quek Wen Kai,5,peace love positivity,7 months ago,April 2025,ChdDSUhNMG9nS0VJQ0FnTUN3OVotWnFBRRAB
Anytime Fitness Jurong Summit,Peh Ean Qi,5,place is very clean and staffs are friendly,a year ago,November 2024,ChdDSUhNMG9nS0VJQ0FnSUQxMmR6MHpBRRAB
Anytime Fitness Jurong Summit,Mira Rahman,5,Super clean and spacious!,a year ago,November 2024,ChZDSUhNMG9nS0VJQ0FnSUQxMjRxU013EAE
Anytime Fitness Jurong Summit,Mochiyama Hoshika,5,Great location friendly staffs,a year ago,November 2024,ChdDSUhNMG9nS0VJQ0FnSUMxOHJpVzRBRRAB
Anytime Fitness Jurong Summit,ì´ì§„ì„œ,5,so kindful and huge placeðŸ‘ðŸ» â€¦,a year ago,November 2024,ChZDSUhNMG9nS0VJQ0FnSUROZzV6Ukl3EAE
Anytime Fitness Jurong Summit,Nicholas Poh,5,pretty awesome gym,a year ago,November 2024,ChdDSUhNMG9nS0VJQ0FnSUNONDdlcjJ3RRAB
Anytime Fitness Jurong Summit,Bernard Koh,5,"Sick facilities, sicker community ðŸ‘Œ â€¦",a year ago,November 2024,ChZDSUhNMG9nS0VJQ0FnSUMxMDhTZlBREAE
Anytime Fitness Jurong Summit,Sumair Hasan,5,Spacious and well-equipped,a year ago,November 2024,ChZDSUhNMG9nS0VJQ0FnSUROcGZiekh3EAE
Anytime Fitness Jurong Summit,Elton Tan,5,great equipment and staff,a year ago,November 2024,ChZDSUhNMG9nS0VJQ0FnSUNOeDc3Q0tnEAE
Anytime Fitness Jurong Summit,Ching Kai Teng,5,Good,a year ago,November 2024,ChZDSUhNMG9nS0VJQ0FnSUNYbGVEVUJnEAE
Anytime Fitness Jurong Summit,Ryan Chiew,5,Friendly and helpful staff,a year ago,November 2024,ChZDSUhNMG9nS0VJQ0FnSUNOdmFHNlFBEAE
Anytime Fitness Jurong Summit,Zhan Qi Sim,5,good gym,a year ago,November 2024,ChZDSUhNMG9nS0VJQ0FnSUNOazZDYWRREAE
Anytime Fitness Jurong Summit,syafiqah jamil,5,very friendly staffs!,a year ago,November 2024,ChZDSUhNMG9nS0VJQ0FnSUMxMC1QMGFREAE
Anytime Fitness Jurong Summit,nathan ho,5,10/10,a year ago,November 2024,ChZDSUhNMG9nS0VJQ0FnSUNONDdtdUhnEAE
Anytime Fitness Jurong Summit,Daniel Lee,5,great gym ðŸ«¡ â€¦,a year ago,November 2024,ChdDSUhNMG9nS0VJQ0FnSUNOeC1DVDFRRRAB
Anytime Fitness Jurong Summit,Wen Haw,5,Solid bird bird,a year ago,November 2024,ChZDSUhNMG9nS0VJQ0FnSUMxci1LWU13EAE
Anytime Fitness Jurong Summit,Yukon_River,5,"It's spacious, new and clean.
There is one squat machine and two types of glute machines.
In addition to 6 power racks, there are also 2 platforms, making it a great environment for free weight users.
There is a canteen (cheap) on the second floor of the same building, and a vending machine with orange juice and snacks on the first floor, so I like the nutritional environment.",a year ago,November 2024,ChdDSUhNMG9nS0VJQ0FnSUQxeV9MNXJnRRAB
Anytime Fitness Jurong Summit,ì„¸í˜„(ì„¸í˜„),2,"The music is too loud and distracting, and the staff doesn't check on the cleanup after using the equipment.",10 months ago,January 2025,ChdDSUhNMG9nS0VJQ0FnSURmcS0zZC1RRRAB
Anytime Fitness Jurong Summit,Zhang Yanling,5,,2 months ago,September 2025,Ci9DQUlRQUNvZENodHljRjlvT25ONUxWUlJUMVJZY0VWSVVEVjVXR1Z5WW5oNmVFRRAB
Anytime Fitness Jurong Summit,r0bb1e,4,,2 months ago,September 2025,Ci9DQUlRQUNvZENodHljRjlvT2xwVE1rUm5YMGhIZW1Wdk0wZERRemRzZUhOamNIYxAB
Anytime Fitness Jurong Summit,JingNi Liang,5,,3 months ago,August 2025,Ci9DQUlRQUNvZENodHljRjlvT2tWcWFWOTJiSEl0VkhkU2NVczBVM0p6YlhOM1dVRRAB
Anytime Fitness Jurong Summit,Jianzhong Hao,5,,5 months ago,June 2025,ChZDSUhNMG9nS0VNUG43UE9YMXZhSFBnEAE
Anytime Fitness Jurong Summit,Muhaimin Khan,5,,5 months ago,June 2025,Ci9DQUlRQUNvZENodHljRjlvT2podExXRnhZa1p1WlVNdFZVeEtPRU5GYjI5WkxYYxAB
Anytime Fitness Jurong Summit,W_yan Ang,5,,5 months ago,June 2025,ChdDSUhNMG9nS0VNN0lfYTM1N2VXMHFRRRAB
Anytime Fitness Jurong Summit,Chloe Ang,5,,7 months ago,April 2025,ChZDSUhNMG9nS0VJQ0FnTUR3d2IzbFpnEAE
Anytime Fitness Jurong Summit,Jarel Lee,5,,7 months ago,April 2025,ChZDSUhNMG9nS0VJQ0FnTUR3bkllMkh3EAE
Anytime Fitness Jurong Summit,Bran,5,,7 months ago,April 2025,ChdDSUhNMG9nS0VJQ0FnTUR3bk5PUzJ3RRAB
Anytime Fitness Jurong Summit,Firdaus Junid,5,,Edited 7 months ago,April 2025,ChZDSUhNMG9nS0VJQ0FnSUNYenVUbkZREAE
Anytime Fitness Jurong Summit,chan jiajian,5,,7 months ago,April 2025,ChdDSUhNMG9nS0VJQ0FnTUN3MDR6N2xnRRAB
Anytime Fitness Jurong Summit,Pratik Panday,5,,7 months ago,April 2025,ChZDSUhNMG9nS0VJQ0FnTUN3NGIyUGNREAE
Anytime Fitness Jurong Summit,Eugene Ng,5,,8 months ago,March 2025,ChZDSUhNMG9nS0VJQ0FnTURnamR1Vk9BEAE
Anytime Fitness Jurong Summit,Leonel Lim,5,,11 months ago,December 2024,ChdDSUhNMG9nS0VJQ0FnSUN2OWEtUTBRRRAB
Anytime Fitness Jurong Summit,JR Co,1,,11 months ago,December 2024,ChZDSUhNMG9nS0VJQ0FnSURQOGRudGRBEAE
Anytime Fitness Jurong Summit,Jian Hao,5,,11 months ago,December 2024,ChZDSUhNMG9nS0VJQ0FnSURQdXNUVU1BEAE
Anytime Fitness Jurong Summit,Sett Walar,5,,a year ago,November 2024,ChZDSUhNMG9nS0VJQ0FnSURYbWZHYkxnEAE
Anytime Fitness Jurong Summit,thincherryaung thincherryaung,5,,a year ago,November 2024,ChZDSUhNMG9nS0VJQ0FnSURYNmRLR1FnEAE
Anytime Fitness Jurong Summit,Karunyan Vengatachalam,5,,a year ago,November 2024,ChdDSUhNMG9nS0VJQ0FnSURYX05IY2xRRRAB
Anytime Fitness Jurong Summit,David W,5,,a year ago,November 2024,ChZDSUhNMG9nS0VJQ0FnSURYbk5YT2N3EAE
Anytime Fitness Jurong Summit,John Hay,5,,a year ago,November 2024,ChZDSUhNMG9nS0VJQ0FnSURYMUtDU1VREAE
Anytime Fitness Jurong Summit,Howard Toh,5,,a year ago,November 2024,ChZDSUhNMG9nS0VJQ0FnSURYaE5pZ2NBEAE
Anytime Fitness Jurong Summit,jason raj,5,,a year ago,November 2024,ChZDSUhNMG9nS0VJQ0FnSURYaU5UaE9REAE
Anytime Fitness Jurong Summit,Jayden Lee,5,,a year ago,November 2024,ChdDSUhNMG9nS0VJQ0FnSURYOE5fMHFBRRAB
Anytime Fitness Jurong Summit,Jared Tan,5,,a year ago,November 2024,ChZDSUhNMG9nS0VJQ0FnSURYOExlYld3EAE
Anytime Fitness Jurong Summit,Andy Andy,5,,a year ago,November 2024,ChdDSUhNMG9nS0VJQ0FnSURYZ0xMdmtnRRAB
Anytime Fitness Jurong Summit,Dean Aryan,5,,a year ago,November 2024,ChZDSUhNMG9nS0VJQ0FnSUNYMF9UUkhBEAE
Anytime Fitness Jurong Summit,aaa dam,5,,a year ago,November 2024,ChZDSUhNMG9nS0VJQ0FnSUNYNXNlcEl3EAE
Anytime Fitness Jurong Summit,Khairul Amirin,4,,a year ago,November 2024,ChZDSUhNMG9nS0VJQ0FnSURuMnFmVlBREAE
Anytime Fitness Jurong Summit,Yixiang Tan,5,,a year ago,November 2024,ChZDSUhNMG9nS0VJQ0FnSURud3ZuWERREAE
Anytime Fitness Jurong Summit,Ng Yee Meng (JeffLampard),5,,a year ago,November 2024,ChZDSUhNMG9nS0VJQ0FnSURuZ3NLWlRnEAE
Anytime Fitness Jurong Summit,Hao Wei Ng,5,,a year ago,November 2024,ChZDSUhNMG9nS0VJQ0FnSURuZ3J5dUVREAE
Anytime Fitness Jurong Summit,Greg Yeung,3,,a year ago,November 2024,ChdDSUhNMG9nS0VJQ0FnSURIeHZ5Smd3RRAB
Anytime Fitness Jurong Summit,Charlotte Lai,3,,a year ago,November 2024,ChdDSUhNMG9nS0VJQ0FnSURydUlpZGtBRRAB
Anytime Fitness Jurong Summit,Z,5,,a year ago,November 2024,ChZDSUhNMG9nS0VJQ0FnSUREMjl5V0F3EAE
Anytime Fitness Jurong Summit,patcbg,5,,a year ago,November 2024,ChdDSUhNMG9nS0VJQ0FnSUNELXJuc19BRRAB
Anytime Fitness Jurong Summit,keith ng jun heng,5,,a year ago,November 2024,ChZDSUhNMG9nS0VJQ0FnSUM5bmVuWkhREAE
Anytime Fitness Jurong Summit,Chu Kim Guan,5,,a year ago,November 2024,ChdDSUhNMG9nS0VJQ0FnSUM5N2R5WTdRRRAB
Anytime Fitness Jurong Summit,Apple Chung,5,,a year ago,November 2024,ChZDSUhNMG9nS0VJQ0FnSUM5amRUR0R3EAE
Anytime Fitness Jurong Summit,runnin base,5,,a year ago,November 2024,ChdDSUhNMG9nS0VJQ0FnSUNkcmJiSW1RRRAB
Anytime Fitness Jurong Summit,deng ys,5,,Edited a year ago,November 2024,ChdDSUhNMG9nS0VJQ0FnSUQxNmR6dzFRRRAB
Anytime Fitness Jurong Summit,Matthew Lim Yu Feng,5,,a year ago,November 2024,ChdDSUhNMG9nS0VJQ0FnSUROX2ZXTGd3RRAB
Anytime Fitness Jurong Summit,Oh Guo Liang (OGL),5,,a year ago,November 2024,ChdDSUhNMG9nS0VJQ0FnSUROMVlpTjh3RRAB
Anytime Fitness Jurong Summit,Gautier Wong,5,,a year ago,November 2024,ChdDSUhNMG9nS0VJQ0FnSURObGRxbnJBRRAB
Anytime Fitness Jurong Summit,Marvin Lim,5,,a year ago,November 2024,ChZDSUhNMG9nS0VJQ0FnSUROb2ZPV0pBEAE
Anytime Fitness Jurong Summit,Raf,5,,a year ago,November 2024,ChZDSUhNMG9nS0VJQ0FnSUROanJieEVnEAE
Anytime Fitness Jurong Summit,Clarence leong,5,,a year ago,November 2024,ChdDSUhNMG9nS0VJQ0FnSUROanJ6YjN3RRAB
Anytime Fitness Jurong Summit,Clarisse Ang,5,,a year ago,November 2024,ChdDSUhNMG9nS0VJQ0FnSUROOXRlUHF3RRAB
Anytime Fitness Jurong Summit,Chun An Chai,5,,a year ago,November 2024,ChZDSUhNMG9nS0VJQ0FnSUNOdjlpeUNnEAE
Anytime Fitness Jurong Summit,Hengoui,5,,a year ago,November 2024,ChZDSUhNMG9nS0VJQ0FnSUNOeDZpcEZREAE
Anytime Fitness Jurong Summit,Bobby Tan,5,,a year ago,November 2024,ChZDSUhNMG9nS0VJQ0FnSUNOeDhqTmZnEAE
Anytime Fitness Jurong Summit,keiji chew,5,,a year ago,November 2024,ChZDSUhNMG9nS0VJQ0FnSUNObGNTaVVnEAE
Anytime Fitness Jurong Summit,Maxwell,5,,a year ago,November 2024,ChZDSUhNMG9nS0VJQ0FnSUNObFlTak93EAE
Anytime Fitness Jurong Summit,L,5,,a year ago,November 2024,ChdDSUhNMG9nS0VJQ0FnSUNOZ1pLMGlBRRAB
Anytime Fitness Jurong Summit,Malcolm Tan,5,,a year ago,November 2024,ChZDSUhNMG9nS0VJQ0FnSUNOd3FuZ0FnEAE
Anytime Fitness Jurong Summit,EvenBetterX,5,,a year ago,November 2024,ChZDSUhNMG9nS0VJQ0FnSUQxOVlmVExBEAE
Anytime Fitness Jurong Summit,Gibson Fong,5,,a year ago,November 2024,ChdDSUhNMG9nS0VJQ0FnSUQxMWRHQXFBRRAB
Anytime Fitness Jurong Summit,Jordain Sim,5,,a year ago,November 2024,ChdDSUhNMG9nS0VJQ0FnSUQxMlp5SHJRRRAB
Anytime Fitness Jurong Summit,Sidharth Nair,5,,a year ago,November 2024,ChZDSUhNMG9nS0VJQ0FnSUQxNmVudmNnEAE
Anytime Fitness Jurong Summit,Lishon Lim,4,,a year ago,November 2024,ChdDSUhNMG9nS0VJQ0FnSUQxNmJiQ2h3RRAB
Anytime Fitness Jurong Summit,JJ RR,5,,a year ago,November 2024,ChdDSUhNMG9nS0VJQ0FnSUQxNlpxMDN3RRAB
Anytime Fitness Jurong Summit,P,5,,a year ago,November 2024,ChdDSUhNMG9nS0VJQ0FnSUMxejZPMS1RRRAB
Anytime Fitness Jurong Summit,srinivas mattaparty,5,,a year ago,November 2024,ChdDSUhNMG9nS0VJQ0FnSUMxcDlLcTZBRRAB
Anytime Fitness Jurong Summit,Chen Yen,5,,a year ago,November 2024,ChZDSUhNMG9nS0VJQ0FnSUMxczlpSWVnEAE
Anytime Fitness Jurong Summit,Matthew Lee,5,,a year ago,November 2024,ChdDSUhNMG9nS0VJQ0FnSUMxczZpTGl3RRAB
Anytime Fitness Jurong Summit,Amir Zaeem,5,,a year ago,November 2024,ChZDSUhNMG9nS0VJQ0FnSUMxMDkyalhREAE
Anytime Fitness Jurong Summit,Sebastian Goh,5,,a year ago,November 2024,ChdDSUhNMG9nS0VJQ0FnSUMxMDd6VnJnRRAB
Anytime Fitness Jurong Summit,Benjamin Chiew,5,,a year ago,November 2024,ChZDSUhNMG9nS0VJQ0FnSUMxazh1NlFREAE
Anytime Fitness Jurong Summit,Torrence Ho,5,,a year ago,November 2024,ChdDSUhNMG9nS0VJQ0FnSUMxay1PTHdRRRAB
Anytime Fitness Jurong Summit,T K,5,,a year ago,November 2024,ChZDSUhNMG9nS0VJQ0FnSUMxMFpHbUJBEAE
Anytime Fitness Jurong Summit,Faiznur Rosli,5,,a year ago,November 2024,ChdDSUhNMG9nS0VJQ0FnSUMxa29ySjlnRRAB
Anytime Fitness Jurong Summit,rif,5,,a year ago,November 2024,ChZDSUhNMG9nS0VJQ0FnSUMxaEtHQVVREAE
Anytime Fitness Jurong Summit,Kieran wee,5,,a year ago,November 2024,ChRDSUhNMG9nS0VJQ0FnSURWOThoVxAB
