Period,Aspect,Count,Avg_Sentiment,Positive_Pct,Negative_Pct
2022-01,Staff/Service,2,0.4671,100.0,0.0
2022-01,Cleanliness,5,0.4174,100.0,0.0
2022-01,Equipment,8,0.1975,62.5,12.5
2022-01,Facilities,5,0.3729,80.0,0.0
2022-01,Price/Fees,1,0.7021,100.0,0.0
2022-01,Policies/Contract,1,0.128,100.0,0.0
2022-01,Crowdedness,3,0.3309,66.67,0.0
2022-01,Overall Experience,1,0.6839,100.0,0.0
2022-02,Equipment,5,0.3192,80.0,20.0
2022-02,Facilities,9,0.1449,44.44,22.22
2022-02,Price/Fees,4,-0.0373,25.0,50.0
2022-02,Policies/Contract,2,0.4505,100.0,0.0
2022-02,Crowdedness,6,0.0211,33.33,50.0
2022-02,Location/Accessibility,4,0.1116,50.0,25.0
2022-02,Overall Experience,1,0.7579,100.0,0.0
2022-03,Facilities,2,0.0811,50.0,50.0
2022-03,Price/Fees,2,0.3383,100.0,0.0
2022-03,Policies/Contract,1,0.5994,100.0,0.0
2022-03,Crowdedness,3,0.3832,100.0,0.0
2022-04,Staff/Service,7,0.4082,85.71,0.0
2022-04,Cleanliness,2,0.4171,50.0,0.0
2022-04,Equipment,12,0.1551,41.67,25.0
2022-04,Facilities,33,0.2157,51.52,6.06
2022-04,Price/Fees,16,0.2094,50.0,12.5
2022-04,Policies/Contract,4,0.3306,50.0,25.0
2022-04,Crowdedness,11,0.0754,36.36,18.18
2022-04,Location/Accessibility,6,0.2689,66.67,0.0
2022-04,Overall Experience,6,0.4086,83.33,16.67
2022-05,Staff/Service,1,0.2064,100.0,0.0
2022-05,Facilities,3,0.0459,33.33,0.0
2022-05,Price/Fees,1,0.0,0.0,0.0
2022-05,Policies/Contract,2,0.1018,50.0,0.0
2022-06,Staff/Service,1,-0.2023,0.0,100.0
2022-06,Cleanliness,2,-0.0374,50.0,50.0
2022-06,Equipment,2,0.0903,50.0,0.0
2022-06,Facilities,16,0.0784,25.0,12.5
2022-06,Price/Fees,3,0.2475,33.33,0.0
2022-06,Policies/Contract,1,0.0,0.0,0.0
2022-06,Crowdedness,18,0.0952,27.78,16.67
2022-06,Location/Accessibility,6,0.0455,16.67,0.0
2022-07,Staff/Service,5,-0.408,0.0,80.0
2022-07,Cleanliness,1,0.5499,100.0,0.0
2022-07,Equipment,17,0.0577,35.29,11.76
2022-07,Facilities,41,0.1188,41.46,24.39
2022-07,Price/Fees,24,0.2556,62.5,8.33
2022-07,Policies/Contract,11,0.0884,36.36,27.27
2022-07,Crowdedness,13,0.0433,38.46,38.46
2022-07,Location/Accessibility,8,0.3399,62.5,0.0
2022-07,Overall Experience,12,-0.1307,41.67,50.0
2022-08,Facilities,2,-0.0876,0.0,50.0
2022-08,Price/Fees,3,-0.0257,0.0,33.33
2022-08,Policies/Contract,1,0.0,0.0,0.0
2022-09,Equipment,10,0.0057,30.0,20.0
2022-09,Facilities,18,0.1127,38.89,11.11
2022-09,Price/Fees,5,0.0058,40.0,20.0
2022-09,Policies/Contract,1,0.34,100.0,0.0
2022-09,Crowdedness,4,0.1255,50.0,0.0
2022-09,Location/Accessibility,4,0.0,0.0,0.0
2022-09,Overall Experience,2,0.6773,100.0,0.0
2022-10,Equipment,2,0.2523,50.0,0.0
2022-10,Facilities,9,0.0348,33.33,22.22
2022-10,Price/Fees,6,0.1092,50.0,33.33
2022-10,Policies/Contract,1,0.0,0.0,0.0
2022-10,Crowdedness,2,0.5796,100.0,0.0
2022-10,Location/Accessibility,2,0.0,0.0,0.0
2022-12,Staff/Service,1,-0.1118,0.0,100.0
2022-12,Cleanliness,3,-0.218,0.0,66.67
2022-12,Facilities,5,0.0994,40.0,0.0
2022-12,Price/Fees,2,0.4872,100.0,0.0
2022-12,Policies/Contract,2,0.431,100.0,0.0
2022-12,Crowdedness,1,-0.4767,0.0,100.0
2022-12,Location/Accessibility,1,0.1909,100.0,0.0
2022-12,Overall Experience,2,0.5256,100.0,0.0
2023-03,Staff/Service,10,0.3273,80.0,0.0
2023-03,Cleanliness,1,-0.8081,0.0,100.0
2023-03,Equipment,13,0.1323,53.85,23.08
2023-03,Facilities,36,0.186,55.56,22.22
2023-03,Price/Fees,11,0.2215,63.64,0.0
2023-03,Policies/Contract,7,0.1619,42.86,14.29
2023-03,Crowdedness,12,0.2547,66.67,16.67
2023-03,Location/Accessibility,11,-0.0072,27.27,18.18
2023-03,Overall Experience,4,0.2981,75.0,25.0
2023-06,Facilities,1,0.0,0.0,0.0
2023-06,Price/Fees,2,-0.3062,0.0,50.0
2023-06,Policies/Contract,1,-0.6124,0.0,100.0
2023-07,Cleanliness,1,0.0,0.0,0.0
2023-07,Facilities,1,0.0,0.0,0.0
2023-07,Location/Accessibility,1,0.7096,100.0,0.0
2023-08,Staff/Service,20,-0.031,40.0,45.0
2023-08,Equipment,4,-0.0556,0.0,25.0
2023-08,Facilities,44,0.1481,45.45,25.0
2023-08,Price/Fees,54,0.0285,37.04,27.78
2023-08,Policies/Contract,39,0.0548,51.28,30.77
2023-08,Crowdedness,9,0.1983,55.56,33.33
2023-08,Location/Accessibility,7,-0.0127,28.57,28.57
2023-08,Overall Experience,10,0.077,50.0,30.0
2023-09,Staff/Service,1,-0.2847,0.0,100.0
2023-09,Cleanliness,1,-0.2847,0.0,100.0
2023-09,Facilities,9,-0.034,22.22,11.11
2023-09,Price/Fees,11,-0.002,27.27,36.36
2023-09,Policies/Contract,10,-0.1346,20.0,50.0
2023-09,Crowdedness,2,-0.069,50.0,50.0
2023-09,Location/Accessibility,3,0.1702,33.33,0.0
2023-09,Overall Experience,2,-0.5644,0.0,100.0
2023-10,Staff/Service,2,0.1436,50.0,0.0
2023-10,Equipment,1,0.0,0.0,0.0
2023-10,Facilities,5,0.0654,20.0,0.0
2023-10,Price/Fees,4,-0.0129,0.0,25.0
2023-10,Policies/Contract,1,0.2202,100.0,0.0
2023-10,Crowdedness,1,0.4404,100.0,0.0
2023-10,Location/Accessibility,2,0.247,50.0,0.0
2023-11,Staff/Service,1,0.0,0.0,0.0
2023-11,Cleanliness,1,0.128,100.0,0.0
2023-11,Equipment,2,0.2553,50.0,0.0
2023-11,Facilities,9,0.0955,33.33,22.22
2023-11,Price/Fees,9,-0.1528,22.22,66.67
2023-11,Policies/Contract,3,-0.2075,33.33,33.33
2023-11,Crowdedness,1,0.5106,100.0,0.0
2023-11,Location/Accessibility,4,0.0449,50.0,25.0
2023-11,Overall Experience,1,0.0,0.0,0.0
2023-12,Staff/Service,1,0.0,0.0,0.0
2023-12,Equipment,1,0.6808,100.0,0.0
2023-12,Facilities,6,0.1318,33.33,16.67
2023-12,Price/Fees,2,0.3376,100.0,0.0
2023-12,Policies/Contract,1,0.5282,100.0,0.0
2023-12,Crowdedness,4,0.2707,50.0,0.0
2024-01,Staff/Service,1,0.686,100.0,0.0
2024-01,Equipment,1,0.0,0.0,0.0
2024-01,Facilities,8,0.148,62.5,37.5
2024-01,Price/Fees,11,0.1614,45.45,18.18
2024-01,Policies/Contract,1,0.4404,100.0,0.0
2024-01,Crowdedness,2,-0.1992,0.0,50.0
2024-01,Location/Accessibility,2,0.417,100.0,0.0
2024-02,Facilities,1,0.0,0.0,0.0
2024-02,Price/Fees,1,-0.305,0.0,100.0
2024-02,Policies/Contract,1,0.0,0.0,0.0
2024-03,Staff/Service,2,0.5712,100.0,0.0
2024-03,Cleanliness,1,0.0,0.0,0.0
2024-03,Equipment,2,0.3114,50.0,0.0
2024-03,Facilities,2,0.0,0.0,0.0
2024-03,Crowdedness,1,0.4939,100.0,0.0
2024-03,Overall Experience,1,0.2263,100.0,0.0
2024-05,Staff/Service,1,0.1909,100.0,0.0
2024-05,Price/Fees,10,0.0399,60.0,20.0
2024-05,Policies/Contract,14,-0.1456,21.43,42.86
2024-05,Crowdedness,3,-0.225,33.33,33.33
2024-05,Location/Accessibility,1,-0.3506,0.0,100.0
2024-06,Facilities,3,0.0603,33.33,0.0
2024-06,Price/Fees,2,-0.148,0.0,50.0
2024-07,Staff/Service,25,0.2951,68.0,12.0
2024-07,Cleanliness,4,0.2933,75.0,25.0
2024-07,Equipment,40,0.2117,57.5,12.5
2024-07,Facilities,79,0.1175,49.37,16.46
2024-07,Price/Fees,52,0.1015,50.0,23.08
2024-07,Policies/Contract,30,0.0917,56.67,36.67
2024-07,Crowdedness,42,0.2257,54.76,16.67
2024-07,Location/Accessibility,23,0.036,34.78,26.09
2024-07,Overall Experience,30,0.2441,73.33,16.67
2024-08,Staff/Service,2,-0.1204,50.0,50.0
2024-08,Equipment,2,0.0832,50.0,0.0
2024-08,Facilities,7,0.0041,57.14,42.86
2024-08,Price/Fees,10,-0.05,20.0,50.0
2024-08,Policies/Contract,16,-0.0957,37.5,50.0
2024-08,Crowdedness,2,0.0369,50.0,50.0
2024-08,Location/Accessibility,2,0.0179,50.0,50.0
2024-08,Overall Experience,2,0.5104,100.0,0.0
2024-09,Equipment,3,0.0,0.0,0.0
2024-09,Facilities,12,0.1288,41.67,16.67
2024-09,Price/Fees,16,0.1468,37.5,12.5
2024-09,Policies/Contract,3,0.2395,33.33,0.0
2024-09,Crowdedness,7,0.1547,28.57,28.57
2024-09,Location/Accessibility,3,0.3768,66.67,33.33
2024-09,Overall Experience,2,-0.3124,0.0,50.0
2024-10,Facilities,4,0.2833,75.0,0.0
2024-10,Price/Fees,4,0.2945,75.0,0.0
2024-10,Policies/Contract,3,-0.0143,33.33,33.33
2024-10,Crowdedness,1,0.2027,100.0,0.0
2024-10,Location/Accessibility,1,0.0,0.0,0.0
2024-11,Staff/Service,33,0.1781,51.52,15.15
2024-11,Cleanliness,3,-0.3101,0.0,100.0
2024-11,Equipment,4,0.2127,50.0,50.0
2024-11,Facilities,64,0.0232,31.25,37.5
2024-11,Price/Fees,81,0.0495,43.21,38.27
2024-11,Policies/Contract,59,0.0547,52.54,35.59
2024-11,Crowdedness,10,0.2262,60.0,10.0
2024-11,Location/Accessibility,11,-0.0992,18.18,45.45
2024-11,Overall Experience,9,0.1143,55.56,44.44
2024-12,Staff/Service,8,0.092,37.5,25.0
2024-12,Cleanliness,4,0.582,100.0,0.0
2024-12,Equipment,27,0.2301,74.07,11.11
2024-12,Facilities,48,0.0988,45.83,14.58
2024-12,Price/Fees,55,0.0586,38.18,27.27
2024-12,Policies/Contract,25,0.0151,36.0,36.0
2024-12,Crowdedness,17,0.3169,70.59,17.65
2024-12,Location/Accessibility,15,0.1339,46.67,13.33
2024-12,Overall Experience,14,0.2851,78.57,21.43
2025-01,Staff/Service,9,0.1131,33.33,22.22
2025-01,Equipment,7,0.3059,71.43,0.0
2025-01,Facilities,15,0.099,46.67,20.0
2025-01,Price/Fees,11,0.0998,54.55,18.18
2025-01,Policies/Contract,16,-0.0214,31.25,43.75
2025-01,Crowdedness,6,0.1225,50.0,33.33
2025-01,Location/Accessibility,5,0.6069,100.0,0.0
2025-01,Overall Experience,8,0.3538,75.0,25.0
2025-02,Equipment,1,0.4404,100.0,0.0
2025-03,Staff/Service,2,0.0,0.0,0.0
2025-03,Equipment,4,0.0,0.0,0.0
2025-03,Facilities,6,0.1854,33.33,0.0
2025-03,Price/Fees,1,0.7269,100.0,0.0
2025-03,Policies/Contract,1,0.3938,100.0,0.0
2025-03,Crowdedness,3,0.3034,66.67,33.33
2025-03,Location/Accessibility,8,0.0419,12.5,12.5
2025-03,Overall Experience,1,0.7269,100.0,0.0
2025-04,Staff/Service,2,0.3068,50.0,50.0
2025-04,Equipment,2,0.482,100.0,0.0
2025-04,Facilities,2,0.0,0.0,0.0
2025-04,Overall Experience,1,0.6908,100.0,0.0
2025-05,Staff/Service,14,0.3705,78.57,7.14
2025-05,Cleanliness,2,0.1496,50.0,50.0
2025-05,Equipment,24,0.1541,54.17,25.0
2025-05,Facilities,91,0.1279,49.45,21.98
2025-05,Price/Fees,85,0.0815,43.53,34.12
2025-05,Policies/Contract,50,0.0031,36.0,46.0
2025-05,Crowdedness,45,0.2863,66.67,11.11
2025-05,Location/Accessibility,31,0.1862,45.16,16.13
2025-05,Overall Experience,27,0.3323,66.67,18.52
2025-06,Staff/Service,16,0.1659,50.0,25.0
2025-06,Cleanliness,9,0.0284,33.33,44.44
2025-06,Equipment,38,0.1919,52.63,13.16
2025-06,Facilities,110,0.1544,45.45,14.55
2025-06,Price/Fees,44,0.216,54.55,15.91
2025-06,Policies/Contract,17,0.0197,23.53,29.41
2025-06,Crowdedness,39,0.2128,53.85,12.82
2025-06,Location/Accessibility,27,0.0384,29.63,25.93
2025-06,Overall Experience,22,0.2708,68.18,18.18
2025-07,Staff/Service,5,0.2218,80.0,20.0
2025-07,Cleanliness,2,0.4147,50.0,0.0
2025-07,Equipment,6,0.2032,50.0,0.0
2025-07,Facilities,18,0.1613,55.56,11.11
2025-07,Price/Fees,12,0.1243,66.67,25.0
2025-07,Policies/Contract,13,0.0648,46.15,30.77
2025-07,Crowdedness,10,0.0767,40.0,20.0
2025-07,Location/Accessibility,12,0.18,41.67,0.0
2025-07,Overall Experience,5,0.5449,100.0,0.0
2025-08,Staff/Service,4,0.1095,25.0,50.0
2025-08,Equipment,1,0.2202,100.0,0.0
2025-08,Facilities,27,0.0149,33.33,29.63
2025-08,Price/Fees,23,-0.0117,39.13,43.48
2025-08,Policies/Contract,3,0.0427,33.33,0.0
2025-08,Crowdedness,9,-0.061,22.22,55.56
2025-08,Location/Accessibility,7,-0.1087,14.29,28.57
2025-08,Overall Experience,8,0.5102,75.0,12.5
2025-09,Staff/Service,5,0.2337,80.0,20.0
2025-09,Cleanliness,1,0.4404,100.0,0.0
2025-09,Equipment,2,0.458,50.0,0.0
2025-09,Facilities,21,0.0954,33.33,23.81
2025-09,Price/Fees,28,0.0741,42.86,32.14
2025-09,Policies/Contract,16,0.1601,50.0,25.0
2025-09,Crowdedness,2,0.0,0.0,0.0
2025-09,Location/Accessibility,8,0.2574,50.0,25.0
2025-09,Overall Experience,2,0.7765,100.0,0.0
2025-10,Staff/Service,10,0.2679,50.0,10.0
2025-10,Cleanliness,7,0.0623,42.86,57.14
2025-10,Equipment,19,0.1287,52.63,21.05
2025-10,Facilities,43,0.0656,44.19,30.23
2025-10,Price/Fees,34,0.056,44.12,32.35
2025-10,Policies/Contract,32,-0.1122,28.12,59.38
2025-10,Crowdedness,20,0.4731,85.0,5.0
2025-10,Location/Accessibility,20,0.2545,50.0,25.0
2025-10,Overall Experience,19,0.3552,73.68,15.79
